OrderID,CustomerID,TransactionDate,ProductID,ProductName,ProductCategory,AmountSpent,DiscountApplied,FinalAmount,PaymentMethod,Location,CustomerSignupDate,CustomerAge,Gender,IncomeGroup
O543555,1273,2024-04-07,P102,Product-P102,Home,161.57,12.85,148.72,UPI,Bangalore,2023-04-09,52,Male,Low
O871476,1053,2024-05-04,P258,Product-P258,Grocery,27.5,2.45,25.05,Credit Card,Chennai,2023-07-13,24,Male,Medium
O627276,1078,2024-01-16,P865,Product-P865,Clothing,120.95,2.07,118.88,Cash,Hyderabad,2023-07-01,31,Other,High
O171849,1221,2024-05-15,P261,Product-P261,Electronics,471.88,136.01,335.87,Credit Card,Delhi,2023-04-26,21,Male,Low
O707040,1037,2024-01-18,P791,Product-P791,Grocery,144.58,17.51,127.07,Cash,Delhi,2023-05-23,20,Male,Low
O648177,1008,2024-01-11,P734,Product-P734,Electronics,187.57,23.59,163.98,Cash,Chennai,2023-02-22,36,Other,Low
O378517,1254,2024-03-21,P367,Product-P367,Grocery,76.24,15.32,60.92,Net Banking,Delhi,2023-04-08,28,Male,High
O580547,1129,2024-04-11,P234,Product-P234,Clothing,100.55,13.79,86.76,Credit Card,Mumbai,2023-04-23,18,Male,Medium
O465962,1198,2024-01-26,P175,Product-P175,Beauty,318.16,20.35,297.81,Net Banking,Delhi,2023-03-07,41,Female,Medium
O837715,1198,2024-01-18,P350,Product-P350,Clothing,58.96,5.04,53.92,UPI,Chennai,2023-03-07,41,Female,Medium
O795613,1250,2024-03-18,P726,Product-P726,Beauty,268.96,0.63,268.33,Cash,Bangalore,2023-08-31,56,Male,High
O262998,1299,2024-01-27,P999,Product-P999,Grocery,21.89,1.74,20.15,Credit Card,Chennai,2023-01-31,53,Male,High
O820892,1116,2024-03-10,P388,Product-P388,Beauty,457.02,28.88,428.14,Net Banking,Delhi,2023-08-23,25,Female,Low
O765095,1007,2024-03-08,P617,Product-P617,Home,214.98,16.2,198.78,Credit Card,Mumbai,2023-03-13,56,Male,Medium
O768061,1124,2024-04-18,P949,Product-P949,Clothing,132.48,1.75,130.73,Net Banking,Delhi,2023-10-27,61,Male,Medium
O110139,1056,2024-03-08,P265,Product-P265,Home,148.14,24.52,123.62,UPI,Chennai,2023-05-31,64,Male,Medium
O679364,1105,2024-01-29,P177,Product-P177,Grocery,105.42,17.25,88.17,Net Banking,Chennai,2023-07-25,25,Other,Medium
O475190,1136,2024-02-07,P540,Product-P540,Grocery,129.71,1.63,128.08,Net Banking,Mumbai,2023-03-20,22,Other,Low
O526117,1228,2024-02-23,P798,Product-P798,Grocery,90.04,18.02,72.02,Net Banking,Chennai,2023-10-29,23,Female,Medium
O125990,1227,2024-02-09,P342,Product-P342,Grocery,58.97,17.27,41.7,Debit Card,Hyderabad,2023-04-28,51,Other,Medium
O379766,1247,2024-02-15,P854,Product-P854,Clothing,5.5,1.29,4.21,UPI,Delhi,2023-03-09,58,Male,Low
O333238,1031,2024-02-10,P906,Product-P906,Electronics,24.2,2.78,21.42,Credit Card,Hyderabad,2023-05-23,59,Other,Medium
O124813,1218,2024-02-21,P936,Product-P936,Home,226.1,23.72,202.38,Debit Card,Delhi,2023-08-20,49,Male,Medium
O468203,1295,2024-02-19,P508,Product-P508,Clothing,322.42,26.95,295.47,Credit Card,Bangalore,2023-09-06,19,Other,High
O373903,1218,2024-05-10,P509,Product-P509,Beauty,93.14,9.25,83.89,Credit Card,Mumbai,2023-08-20,49,Male,Medium
O462479,1179,2024-02-15,P694,Product-P694,Clothing,65.64,0.75,64.89,Cash,Hyderabad,2023-09-29,50,Female,Low
O704596,1126,2024-03-21,P546,Product-P546,Beauty,148.17,43.75,104.42,Credit Card,Hyderabad,2023-10-26,39,Other,Medium
O945687,1240,2024-02-18,P360,Product-P360,Electronics,10.7,2.28,8.42,Credit Card,Chennai,2023-09-21,36,Male,High
O429164,1161,2024-02-20,P472,Product-P472,Home,391.45,8.22,383.23,Net Banking,Chennai,2023-03-22,49,Other,Medium
O521947,1153,2024-02-01,P837,Product-P837,Clothing,67.01,10.19,56.82,UPI,Bangalore,2023-12-16,40,Female,High
O745414,1263,2024-03-16,P667,Product-P667,Grocery,280.17,16.12,264.05,UPI,Delhi,2023-01-28,33,Male,High
O320392,1015,2024-03-18,P515,Product-P515,Beauty,222.47,55.64,166.83,Net Banking,Bangalore,2023-01-16,41,Female,Low
O563246,1135,2024-04-20,P904,Product-P904,Beauty,143.73,26.16,117.57,Net Banking,Hyderabad,2023-02-26,18,Other,Low
O397571,1046,2024-04-23,P791,Product-P791,Grocery,138.48,21.24,117.24,Debit Card,Mumbai,2023-06-26,31,Other,High
O335552,1027,2024-05-11,P779,Product-P779,Beauty,167.08,16.8,150.28,Debit Card,Bangalore,2023-08-03,39,Male,Medium
O991014,1186,2024-02-20,P250,Product-P250,Electronics,213.51,2.96,210.55,UPI,Chennai,2023-07-05,23,Male,Medium
O853240,1103,2024-01-19,P566,Product-P566,Home,86.54,23.01,63.53,Cash,Delhi,2023-01-17,28,Male,High
O916232,1099,2024-04-08,P606,Product-P606,Home,297.13,21.75,275.38,Credit Card,Mumbai,2023-12-17,18,Other,Medium
O152657,1091,2024-04-18,P324,Product-P324,Grocery,131.16,31.64,99.52,Cash,Hyderabad,2023-03-25,46,Male,High
O686075,1293,2024-03-04,P968,Product-P968,Electronics,142.02,19.45,122.57,UPI,Chennai,2023-03-27,63,Other,Medium
O970914,1287,2024-03-22,P873,Product-P873,Home,64.47,11.85,52.62,Cash,Hyderabad,2023-01-26,52,Other,Low
O903013,1291,2024-04-24,P262,Product-P262,Home,164.0,22.14,141.86,Debit Card,Bangalore,2023-02-17,46,Male,Medium
O345884,1284,2024-05-13,P596,Product-P596,Grocery,51.5,4.24,47.26,Credit Card,Bangalore,2023-08-15,55,Male,High
O258157,1010,2024-03-10,P443,Product-P443,Clothing,0.72,0.19,0.53,Credit Card,Delhi,2023-10-07,28,Female,Medium
O527398,1200,2024-02-29,P492,Product-P492,Grocery,81.83,17.34,64.49,Credit Card,Hyderabad,2023-09-01,29,Female,Low
O508396,1106,2024-03-25,P655,Product-P655,Home,317.23,39.57,277.66,Debit Card,Hyderabad,2023-05-18,52,Female,Low
O413118,1086,2024-01-06,P977,Product-P977,Beauty,511.96,58.42,453.54,Credit Card,Bangalore,2023-11-08,41,Male,High
O331251,1035,2024-04-09,P973,Product-P973,Home,272.84,44.05,228.79,Cash,Chennai,2023-08-05,64,Male,Low
O452457,1057,2024-05-04,P324,Product-P324,Clothing,58.57,7.66,50.91,Credit Card,Hyderabad,2023-11-18,52,Female,High
O660069,1033,2024-04-13,P841,Product-P841,Grocery,432.01,108.93,323.08,Debit Card,Chennai,2023-03-23,33,Male,Low
O773971,1120,2024-01-07,P503,Product-P503,Beauty,196.94,33.35,163.59,Credit Card,Mumbai,2023-05-07,40,Male,Medium
O443254,1218,2024-04-19,P238,Product-P238,Home,32.29,1.76,30.53,Net Banking,Hyderabad,2023-08-20,49,Male,Medium
O888539,1108,2024-02-24,P565,Product-P565,Clothing,69.01,6.99,62.02,UPI,Bangalore,2023-04-19,50,Female,High
O466960,1281,2024-04-17,P358,Product-P358,Electronics,290.06,40.93,249.13,Cash,Mumbai,2023-08-25,28,Male,Medium
O359295,1283,2024-02-27,P765,Product-P765,Electronics,37.86,8.87,28.99,Credit Card,Mumbai,2023-02-08,53,Other,Low
O596564,1016,2024-02-21,P959,Product-P959,Electronics,66.43,12.38,54.05,Debit Card,Delhi,2023-02-17,20,Female,High
O275939,1216,2024-01-30,P677,Product-P677,Grocery,577.67,80.59,497.08,Net Banking,Bangalore,2023-08-13,61,Other,Low
O126925,1167,2024-01-30,P896,Product-P896,Grocery,412.14,119.28,292.86,Credit Card,Chennai,2023-09-17,62,Other,Low
O720859,1086,2024-03-20,P689,Product-P689,Home,110.08,13.1,96.98,Debit Card,Mumbai,2023-11-08,41,Male,High
O934904,1077,2024-03-03,P204,Product-P204,Clothing,1013.1,258.43,754.67,Cash,Mumbai,2023-07-09,25,Female,High
O630538,1220,2024-01-11,P455,Product-P455,Beauty,116.88,15.02,101.86,Net Banking,Mumbai,2023-05-07,49,Other,Medium
O479781,1183,2024-03-28,P112,Product-P112,Home,207.19,51.11,156.08,Credit Card,Hyderabad,2023-09-08,58,Female,Low
O745830,1033,2024-04-27,P824,Product-P824,Grocery,31.46,4.11,27.35,Cash,Bangalore,2023-03-23,33,Male,Low
O437960,1167,2024-05-03,P576,Product-P576,Home,98.92,24.5,74.42,Cash,Bangalore,2023-09-17,62,Other,Low
O886931,1192,2024-03-03,P950,Product-P950,Electronics,186.8,15.63,171.17,UPI,Delhi,2023-02-10,59,Female,Low
O618317,1251,2024-04-28,P683,Product-P683,Beauty,168.75,33.83,134.92,Net Banking,Mumbai,2023-05-05,35,Male,Low
O393243,1237,2024-03-24,P286,Product-P286,Home,185.07,11.78,173.29,Net Banking,Bangalore,2023-01-17,20,Female,Medium
O353080,1221,2024-03-11,P669,Product-P669,Electronics,27.95,4.33,23.62,Debit Card,Mumbai,2023-04-26,21,Male,Low
O569945,1050,2024-04-14,P600,Product-P600,Beauty,111.78,25.42,86.36,UPI,Hyderabad,2023-08-24,37,Male,High
O796212,1184,2024-01-05,P195,Product-P195,Clothing,592.25,39.37,552.88,Debit Card,Bangalore,2023-01-10,20,Male,Medium
O446859,1095,2024-04-04,P584,Product-P584,Beauty,129.34,20.6,108.74,UPI,Chennai,2023-11-24,42,Other,Medium
O226516,1130,2024-03-31,P819,Product-P819,Home,5.1,0.41,4.69,Net Banking,Delhi,2023-03-12,52,Female,High
O326895,1155,2024-02-19,P423,Product-P423,Electronics,140.62,31.34,109.28,Debit Card,Delhi,2023-05-17,62,Female,Low
O396745,1058,2024-05-03,P383,Product-P383,Beauty,244.74,71.7,173.04,Cash,Chennai,2023-11-13,31,Other,Medium
O416950,1221,2024-01-26,P952,Product-P952,Grocery,95.98,8.53,87.45,Net Banking,Delhi,2023-04-26,21,Male,Low
O680238,1191,2024-01-04,P825,Product-P825,Beauty,87.62,3.33,84.29,Credit Card,Mumbai,2023-10-18,50,Female,Medium
O112861,1070,2024-03-15,P814,Product-P814,Grocery,13.54,2.59,10.95,UPI,Mumbai,2023-02-21,61,Female,Medium
O364742,1278,2024-03-13,P580,Product-P580,Home,142.78,18.87,123.91,Debit Card,Mumbai,2023-08-05,41,Other,Medium
O760021,1184,2024-05-02,P216,Product-P216,Electronics,568.53,68.34,500.19,Credit Card,Chennai,2023-01-10,20,Male,Medium
O360247,1227,2024-01-14,P255,Product-P255,Grocery,132.38,32.21,100.17,Net Banking,Mumbai,2023-04-28,51,Other,Medium
O913373,1271,2024-01-31,P671,Product-P671,Home,93.01,16.92,76.09,Cash,Delhi,2023-02-25,26,Female,Medium
O549660,1065,2024-05-13,P489,Product-P489,Home,114.48,31.2,83.28,Net Banking,Chennai,2023-12-05,59,Female,Low
O755900,1050,2024-03-19,P682,Product-P682,Beauty,283.22,5.12,278.1,Credit Card,Delhi,2023-08-24,37,Male,High
O178711,1208,2024-02-24,P370,Product-P370,Electronics,231.14,10.89,220.25,Debit Card,Chennai,2023-10-04,45,Female,Low
O405407,1245,2024-02-10,P102,Product-P102,Home,42.18,5.7,36.48,Cash,Hyderabad,2023-04-20,49,Male,Low
O820775,1162,2024-01-09,P337,Product-P337,Clothing,3.64,0.77,2.87,UPI,Mumbai,2023-08-21,24,Other,Medium
O220351,1286,2024-02-29,P370,Product-P370,Beauty,40.66,8.07,32.59,Debit Card,Hyderabad,2023-02-20,37,Female,High
O162535,1239,2024-02-27,P763,Product-P763,Grocery,226.97,61.85,165.12,Debit Card,Mumbai,2023-02-06,53,Other,Medium
O560485,1194,2024-02-12,P911,Product-P911,Clothing,290.32,51.83,238.49,Cash,Bangalore,2023-09-06,41,Male,High
O666211,1293,2024-02-01,P579,Product-P579,Clothing,51.46,10.8,40.66,Net Banking,Chennai,2023-03-27,63,Other,Medium
O733039,1179,2024-05-06,P548,Product-P548,Electronics,237.76,42.66,195.1,UPI,Bangalore,2023-09-29,50,Female,Low
O121753,1016,2024-03-05,P126,Product-P126,Electronics,156.08,10.72,145.36,Cash,Chennai,2023-02-17,20,Female,High
O644173,1081,2024-03-09,P690,Product-P690,Electronics,80.8,18.5,62.3,Debit Card,Hyderabad,2023-05-17,38,Other,Medium
O195674,1210,2024-04-23,P384,Product-P384,Grocery,370.95,110.95,260.0,UPI,Hyderabad,2023-04-13,54,Male,High
O445824,1133,2024-04-30,P456,Product-P456,Home,32.34,3.23,29.11,Credit Card,Delhi,2023-02-16,31,Other,High
O138479,1258,2024-04-15,P810,Product-P810,Home,28.6,2.47,26.13,UPI,Chennai,2023-08-09,48,Female,High
O639593,1265,2024-04-26,P190,Product-P190,Clothing,177.21,13.42,163.79,Credit Card,Hyderabad,2023-12-01,19,Other,Medium
O643623,1281,2024-01-01,P773,Product-P773,Beauty,234.2,32.46,201.74,Credit Card,Delhi,2023-08-25,28,Male,Medium
O380028,1014,2024-04-02,P737,Product-P737,Home,36.76,6.9,29.86,Credit Card,Delhi,2023-01-17,57,Female,Medium
O130271,1040,2024-02-03,P394,Product-P394,Home,442.17,116.85,325.32,UPI,Mumbai,2023-06-22,38,Male,Medium
O527809,1268,2024-03-02,P826,Product-P826,Grocery,91.3,8.51,82.79,Credit Card,Chennai,2023-02-01,22,Male,Low
O622584,1126,2024-01-24,P330,Product-P330,Electronics,7.56,1.05,6.51,Credit Card,Delhi,2023-10-26,39,Other,Medium
O355570,1110,2024-03-15,P621,Product-P621,Clothing,200.31,24.97,175.34,UPI,Hyderabad,2023-06-11,59,Female,High
O882544,1125,2024-04-26,P664,Product-P664,Grocery,316.37,36.41,279.96,Cash,Chennai,2023-08-08,57,Female,Low
O925981,1268,2024-02-04,P984,Product-P984,Electronics,128.18,10.62,117.56,UPI,Bangalore,2023-02-01,22,Male,Low
O708093,1192,2024-05-09,P373,Product-P373,Electronics,614.83,52.17,562.66,Net Banking,Chennai,2023-02-10,59,Female,Low
O448588,1259,2024-05-05,P986,Product-P986,Grocery,160.76,21.54,139.22,UPI,Bangalore,2023-07-01,47,Male,High
O501574,1268,2024-04-06,P566,Product-P566,Clothing,97.7,25.49,72.21,Debit Card,Chennai,2023-02-01,22,Male,Low
O504832,1283,2024-02-29,P976,Product-P976,Home,151.28,1.98,149.3,UPI,Hyderabad,2023-02-08,53,Other,Low
O205239,1236,2024-02-08,P607,Product-P607,Electronics,24.46,0.93,23.53,Cash,Bangalore,2023-02-04,46,Female,Medium
O529893,1207,2024-04-22,P202,Product-P202,Beauty,63.74,17.41,46.33,Credit Card,Delhi,2023-04-19,19,Other,Low
O753534,1062,2024-02-09,P176,Product-P176,Home,58.14,13.63,44.51,Net Banking,Bangalore,2023-12-27,21,Female,Medium
O432043,1209,2024-04-11,P765,Product-P765,Electronics,42.0,10.73,31.27,Cash,Hyderabad,2023-12-20,40,Other,Medium
O761820,1144,2024-05-04,P993,Product-P993,Beauty,200.23,2.16,198.07,Credit Card,Delhi,2023-07-15,43,Other,Medium
O565230,1098,2024-03-14,P332,Product-P332,Electronics,86.28,11.23,75.05,Credit Card,Mumbai,2023-04-23,41,Female,Low
O934816,1279,2024-02-12,P810,Product-P810,Clothing,20.15,5.46,14.69,Credit Card,Bangalore,2023-04-04,50,Other,Medium
O656968,1137,2024-01-15,P400,Product-P400,Clothing,54.51,6.13,48.38,Debit Card,Delhi,2023-11-18,43,Female,Medium
O501126,1300,2024-04-15,P679,Product-P679,Grocery,37.33,1.9,35.43,Credit Card,Chennai,2023-03-26,50,Other,Low
O581894,1272,2024-03-02,P609,Product-P609,Beauty,27.64,1.19,26.45,UPI,Bangalore,2023-05-08,58,Male,Low
O810526,1233,2024-03-06,P782,Product-P782,Electronics,84.24,22.72,61.52,UPI,Bangalore,2023-11-20,26,Male,Medium
O769975,1075,2024-02-10,P175,Product-P175,Home,184.4,52.29,132.11,Cash,Bangalore,2023-07-06,48,Male,Medium
O503380,1244,2024-04-18,P806,Product-P806,Clothing,23.54,3.23,20.31,Net Banking,Delhi,2023-09-06,37,Female,Low
O410244,1128,2024-05-03,P209,Product-P209,Grocery,226.12,25.87,200.25,Net Banking,Chennai,2023-07-05,52,Other,Medium
O735863,1032,2024-03-16,P122,Product-P122,Home,19.1,1.57,17.53,Cash,Mumbai,2023-01-04,45,Male,High
O940886,1182,2024-05-07,P952,Product-P952,Clothing,4.88,1.14,3.74,Debit Card,Chennai,2023-06-15,30,Female,Low
O757937,1021,2024-03-31,P324,Product-P324,Grocery,43.07,8.02,35.05,Debit Card,Mumbai,2023-01-14,47,Other,Medium
O194511,1069,2024-01-11,P416,Product-P416,Home,193.59,1.94,191.65,Net Banking,Delhi,2023-04-30,43,Other,Medium
O483629,1086,2024-03-16,P434,Product-P434,Home,189.13,9.97,179.16,Debit Card,Chennai,2023-11-08,41,Male,High
O945664,1295,2024-05-15,P613,Product-P613,Clothing,261.05,65.04,196.01,Net Banking,Hyderabad,2023-09-06,19,Other,High
O247594,1255,2024-03-16,P864,Product-P864,Clothing,108.81,26.25,82.56,UPI,Mumbai,2023-02-18,45,Other,Low
O194689,1236,2024-02-27,P980,Product-P980,Home,73.05,21.2,51.85,Cash,Bangalore,2023-02-04,46,Female,Medium
O805511,1183,2024-04-11,P114,Product-P114,Clothing,211.97,34.12,177.85,UPI,Bangalore,2023-09-08,58,Female,Low
O807617,1276,2024-03-08,P698,Product-P698,Home,30.44,7.51,22.93,Net Banking,Mumbai,2023-08-18,20,Female,Medium
O739717,1219,2024-02-29,P582,Product-P582,Electronics,648.1,120.46,527.64,Cash,Bangalore,2023-03-03,23,Female,Low
O780776,1114,2024-02-26,P763,Product-P763,Electronics,5.24,1.0,4.24,UPI,Bangalore,2023-07-22,24,Female,High
O616554,1134,2024-04-14,P219,Product-P219,Grocery,56.26,0.77,55.49,Credit Card,Bangalore,2023-01-25,20,Male,Medium
O575679,1236,2024-01-30,P199,Product-P199,Grocery,797.22,212.2,585.02,Debit Card,Hyderabad,2023-02-04,46,Female,Medium
O786735,1079,2024-04-04,P786,Product-P786,Beauty,730.46,91.85,638.61,Debit Card,Hyderabad,2023-04-18,40,Male,Medium
O823811,1236,2024-01-26,P953,Product-P953,Home,448.83,82.9,365.93,Net Banking,Mumbai,2023-02-04,46,Female,Medium
O204180,1049,2024-04-04,P322,Product-P322,Home,299.57,39.97,259.6,Debit Card,Bangalore,2023-01-23,19,Other,Low
O228093,1118,2024-04-04,P657,Product-P657,Clothing,375.84,6.83,369.01,Net Banking,Delhi,2023-05-16,51,Male,Low
O153035,1031,2024-04-26,P193,Product-P193,Grocery,21.92,4.22,17.7,Cash,Mumbai,2023-05-23,59,Other,Medium
O970127,1161,2024-03-26,P349,Product-P349,Grocery,633.07,149.46,483.61,Debit Card,Mumbai,2023-03-22,49,Other,Medium
O911984,1217,2024-02-23,P700,Product-P700,Grocery,99.44,24.25,75.19,Debit Card,Bangalore,2023-09-22,43,Male,Low
O666456,1130,2024-02-07,P907,Product-P907,Beauty,92.06,0.08,91.98,Debit Card,Delhi,2023-03-12,52,Female,High
O115582,1110,2024-03-05,P917,Product-P917,Grocery,103.69,3.42,100.27,Credit Card,Delhi,2023-06-11,59,Female,High
O378258,1096,2024-04-01,P908,Product-P908,Grocery,14.32,2.53,11.79,Credit Card,Delhi,2023-12-19,24,Other,High
O570050,1083,2024-01-14,P229,Product-P229,Home,886.66,139.94,746.72,Credit Card,Hyderabad,2023-12-16,62,Other,Medium
O744986,1079,2024-04-02,P625,Product-P625,Beauty,36.9,1.21,35.69,Cash,Delhi,2023-04-18,40,Male,Medium
O602248,1148,2024-01-12,P844,Product-P844,Beauty,183.72,16.62,167.1,Credit Card,Mumbai,2023-05-09,56,Male,Medium
O184714,1096,2024-04-12,P536,Product-P536,Electronics,206.31,30.34,175.97,UPI,Mumbai,2023-12-19,24,Other,High
O763829,1126,2024-03-23,P722,Product-P722,Grocery,74.77,1.47,73.3,Net Banking,Chennai,2023-10-26,39,Other,Medium
O734836,1030,2024-03-24,P490,Product-P490,Beauty,18.83,3.0,15.83,UPI,Chennai,2023-10-29,44,Other,Medium
O550961,1013,2024-04-20,P201,Product-P201,Electronics,572.76,146.53,426.23,Cash,Delhi,2023-08-05,53,Female,Low
O536196,1214,2024-04-25,P333,Product-P333,Home,103.82,10.56,93.26,UPI,Hyderabad,2023-11-29,36,Other,Medium
O260053,1290,2024-01-25,P420,Product-P420,Home,172.03,16.13,155.9,Net Banking,Bangalore,2023-01-08,42,Other,Medium
O201255,1270,2024-05-01,P168,Product-P168,Electronics,349.07,87.1,261.97,Credit Card,Hyderabad,2023-06-23,49,Male,Medium
O688967,1061,2024-04-05,P931,Product-P931,Grocery,103.85,17.33,86.52,Cash,Chennai,2023-04-09,57,Other,Medium
O401601,1084,2024-03-25,P786,Product-P786,Electronics,268.83,33.13,235.7,UPI,Mumbai,2023-11-28,35,Female,Low
O788637,1225,2024-03-20,P460,Product-P460,Electronics,138.05,23.93,114.12,Debit Card,Delhi,2023-10-29,41,Female,Medium
O220465,1013,2024-05-03,P329,Product-P329,Electronics,334.58,35.14,299.44,Cash,Bangalore,2023-08-05,53,Female,Low
O743378,1200,2024-03-12,P687,Product-P687,Grocery,148.48,35.96,112.52,Cash,Chennai,2023-09-01,29,Female,Low
O456331,1169,2024-01-07,P723,Product-P723,Clothing,186.66,1.62,185.04,Net Banking,Bangalore,2023-11-17,45,Other,Low
O172965,1090,2024-03-30,P106,Product-P106,Grocery,17.61,4.6,13.01,Cash,Hyderabad,2023-05-06,58,Male,Medium
O494468,1133,2024-02-06,P858,Product-P858,Electronics,103.09,2.84,100.25,Cash,Delhi,2023-02-16,31,Other,High
O914571,1020,2024-04-17,P564,Product-P564,Clothing,646.32,30.52,615.8,Net Banking,Bangalore,2023-11-05,61,Other,High
O806707,1114,2024-01-22,P153,Product-P153,Grocery,316.2,14.93,301.27,Cash,Mumbai,2023-07-22,24,Female,High
O563516,1090,2024-01-21,P378,Product-P378,Home,143.71,28.54,115.17,UPI,Chennai,2023-05-06,58,Male,Medium
O550797,1153,2024-04-16,P379,Product-P379,Grocery,15.46,3.5,11.96,Credit Card,Bangalore,2023-12-16,40,Female,High
O331230,1064,2024-01-29,P390,Product-P390,Beauty,663.59,96.88,566.71,Net Banking,Mumbai,2023-01-24,23,Other,High
O904624,1090,2024-04-11,P713,Product-P713,Electronics,475.29,1.1,474.19,Net Banking,Delhi,2023-05-06,58,Male,Medium
O621546,1062,2024-02-05,P882,Product-P882,Clothing,282.22,24.51,257.71,Credit Card,Mumbai,2023-12-27,21,Female,Medium
O685864,1125,2024-04-20,P279,Product-P279,Grocery,438.65,50.03,388.62,Debit Card,Chennai,2023-08-08,57,Female,Low
O119651,1091,2024-03-31,P173,Product-P173,Home,210.43,54.4,156.03,Credit Card,Hyderabad,2023-03-25,46,Male,High
O843963,1245,2024-04-27,P179,Product-P179,Clothing,26.21,4.53,21.68,Cash,Hyderabad,2023-04-20,49,Male,Low
O940247,1141,2024-04-16,P396,Product-P396,Electronics,581.41,70.65,510.76,Net Banking,Delhi,2023-11-02,26,Female,Low
O556839,1071,2024-04-27,P951,Product-P951,Clothing,194.14,5.13,189.01,Credit Card,Delhi,2023-07-14,51,Female,Low
O332335,1034,2024-04-12,P636,Product-P636,Electronics,48.6,5.77,42.83,Net Banking,Bangalore,2023-12-24,32,Female,Medium
O634723,1252,2024-03-26,P897,Product-P897,Grocery,187.59,4.3,183.29,Credit Card,Chennai,2023-08-31,57,Female,Medium
O207798,1025,2024-02-19,P894,Product-P894,Clothing,204.34,21.52,182.82,Debit Card,Delhi,2023-12-26,50,Male,High
O285751,1103,2024-02-07,P362,Product-P362,Grocery,101.99,5.31,96.68,Debit Card,Mumbai,2023-01-17,28,Male,High
O774225,1224,2024-05-06,P575,Product-P575,Beauty,52.67,12.01,40.66,UPI,Chennai,2023-01-11,55,Female,High
O563688,1154,2024-03-23,P984,Product-P984,Clothing,196.58,8.9,187.68,Credit Card,Hyderabad,2023-10-02,56,Female,High
O177794,1280,2024-03-18,P915,Product-P915,Clothing,473.97,84.09,389.88,Net Banking,Chennai,2023-05-23,41,Male,Low
O180458,1058,2024-03-20,P572,Product-P572,Home,0.51,0.01,0.5,Net Banking,Bangalore,2023-11-13,31,Other,Medium
O681242,1107,2024-01-24,P729,Product-P729,Beauty,18.09,2.75,15.34,UPI,Chennai,2023-02-03,52,Male,Low
O598733,1269,2024-01-11,P560,Product-P560,Beauty,142.63,27.89,114.74,Net Banking,Chennai,2023-07-26,54,Other,Medium
O629057,1286,2024-05-08,P254,Product-P254,Electronics,220.65,29.82,190.83,Net Banking,Mumbai,2023-02-20,37,Female,High
O648141,1176,2024-02-14,P140,Product-P140,Grocery,67.25,14.28,52.97,UPI,Chennai,2023-07-11,45,Other,Low
O912085,1293,2024-02-10,P472,Product-P472,Clothing,33.28,9.16,24.12,UPI,Hyderabad,2023-03-27,63,Other,Medium
O445705,1121,2024-03-27,P795,Product-P795,Beauty,120.58,1.89,118.69,Net Banking,Mumbai,2023-10-15,41,Male,Low
O449555,1255,2024-01-25,P671,Product-P671,Home,60.19,5.13,55.06,Cash,Delhi,2023-02-18,45,Other,Low
O235215,1037,2024-01-21,P696,Product-P696,Grocery,130.15,35.79,94.36,Net Banking,Hyderabad,2023-05-23,20,Male,Low
O802667,1284,2024-01-22,P417,Product-P417,Beauty,100.01,11.3,88.71,Net Banking,Delhi,2023-08-15,55,Male,High
O423869,1177,2024-05-14,P195,Product-P195,Home,10.86,1.66,9.2,Credit Card,Bangalore,2023-03-24,42,Male,Low
O337547,1045,2024-02-16,P319,Product-P319,Clothing,3.03,0.86,2.17,UPI,Delhi,2023-07-03,42,Male,Low
O908320,1086,2024-02-05,P258,Product-P258,Electronics,14.0,1.24,12.76,Credit Card,Chennai,2023-11-08,41,Male,High
O726258,1085,2024-05-14,P138,Product-P138,Clothing,395.89,104.09,291.8,Cash,Delhi,2023-02-06,64,Male,High
O856215,1150,2024-04-06,P257,Product-P257,Grocery,216.11,11.72,204.39,Cash,Delhi,2023-01-06,21,Female,Medium
O740255,1026,2024-04-22,P144,Product-P144,Home,56.2,6.14,50.06,Debit Card,Hyderabad,2023-10-07,29,Other,Medium
O947903,1258,2024-03-13,P870,Product-P870,Home,32.42,2.28,30.14,Debit Card,Bangalore,2023-08-09,48,Female,High
O584106,1198,2024-04-30,P955,Product-P955,Grocery,123.48,13.63,109.85,Cash,Hyderabad,2023-03-07,41,Female,Medium
O956572,1071,2024-03-13,P896,Product-P896,Home,16.69,2.52,14.17,UPI,Delhi,2023-07-14,51,Female,Low
O772324,1035,2024-02-21,P920,Product-P920,Beauty,602.34,25.01,577.33,Net Banking,Mumbai,2023-08-05,64,Male,Low
O992512,1055,2024-05-03,P995,Product-P995,Clothing,25.14,4.18,20.96,Credit Card,Chennai,2023-10-10,25,Female,Low
O638289,1213,2024-02-01,P391,Product-P391,Electronics,13.89,3.18,10.71,Net Banking,Hyderabad,2023-12-10,18,Other,Low
O466566,1138,2024-02-07,P950,Product-P950,Home,303.15,8.34,294.81,Debit Card,Hyderabad,2023-03-23,31,Other,Medium
O504924,1199,2024-01-07,P524,Product-P524,Electronics,478.61,56.92,421.69,Net Banking,Delhi,2023-12-04,58,Other,Low
O929822,1083,2024-01-21,P483,Product-P483,Grocery,454.68,3.84,450.84,Credit Card,Bangalore,2023-12-16,62,Other,Medium
O895702,1085,2024-02-07,P240,Product-P240,Electronics,1.29,0.11,1.18,UPI,Delhi,2023-02-06,64,Male,High
O368355,1138,2024-04-30,P559,Product-P559,Beauty,822.76,1.3,821.46,Credit Card,Mumbai,2023-03-23,31,Other,Medium
O543814,1181,2024-02-25,P955,Product-P955,Grocery,316.61,52.13,264.48,Cash,Chennai,2023-11-03,44,Male,Low
O350021,1037,2024-01-29,P894,Product-P894,Clothing,117.11,8.35,108.76,Credit Card,Mumbai,2023-05-23,20,Male,Low
O725726,1213,2024-04-17,P754,Product-P754,Beauty,323.68,44.39,279.29,Credit Card,Hyderabad,2023-12-10,18,Other,Low
O550089,1171,2024-01-05,P747,Product-P747,Beauty,264.06,45.55,218.51,Debit Card,Bangalore,2023-11-24,61,Female,Low
O796643,1226,2024-01-01,P729,Product-P729,Clothing,565.78,40.83,524.95,UPI,Delhi,2023-10-11,22,Male,Medium
O631971,1229,2024-01-22,P636,Product-P636,Clothing,312.55,6.35,306.2,Cash,Chennai,2023-04-23,39,Other,Low
O766549,1190,2024-05-09,P667,Product-P667,Electronics,38.56,4.52,34.04,UPI,Mumbai,2023-05-04,54,Other,Medium
O461551,1048,2024-04-09,P482,Product-P482,Clothing,130.53,29.26,101.27,Net Banking,Mumbai,2023-05-16,43,Male,High
O146489,1061,2024-03-02,P850,Product-P850,Electronics,17.09,3.96,13.13,Net Banking,Delhi,2023-04-09,57,Other,Medium
O829168,1206,2024-03-31,P659,Product-P659,Clothing,434.95,106.15,328.8,Debit Card,Hyderabad,2023-08-05,19,Male,Medium
O138780,1192,2024-05-02,P746,Product-P746,Grocery,289.0,70.36,218.64,Credit Card,Hyderabad,2023-02-10,59,Female,Low
O425138,1039,2024-03-16,P306,Product-P306,Electronics,68.61,16.28,52.33,Credit Card,Bangalore,2023-04-21,24,Other,Low
O400009,1094,2024-05-11,P507,Product-P507,Beauty,83.03,11.79,71.24,Credit Card,Delhi,2023-05-19,18,Other,Low
O230521,1050,2024-04-01,P982,Product-P982,Electronics,279.42,72.58,206.84,Net Banking,Bangalore,2023-08-24,37,Male,High
O295892,1201,2024-04-04,P547,Product-P547,Home,150.79,33.63,117.16,UPI,Bangalore,2023-10-09,56,Male,Medium
O940064,1026,2024-05-07,P808,Product-P808,Home,74.48,8.21,66.27,Cash,Bangalore,2023-10-07,29,Other,Medium
O671971,1136,2024-01-22,P844,Product-P844,Home,129.78,3.07,126.71,Cash,Delhi,2023-03-20,22,Other,Low
O567576,1123,2024-03-16,P428,Product-P428,Electronics,107.99,2.59,105.4,Net Banking,Bangalore,2023-05-15,52,Female,Medium
O744718,1157,2024-04-19,P270,Product-P270,Home,556.47,58.69,497.78,Credit Card,Bangalore,2023-06-24,60,Male,Medium
O638009,1226,2024-04-21,P381,Product-P381,Electronics,371.31,8.36,362.95,UPI,Bangalore,2023-10-11,22,Male,Medium
O232361,1120,2024-02-10,P131,Product-P131,Grocery,182.16,46.38,135.78,UPI,Mumbai,2023-05-07,40,Male,Medium
O734487,1097,2024-01-18,P341,Product-P341,Clothing,33.79,3.67,30.12,Cash,Mumbai,2023-10-13,26,Female,High
O900152,1082,2024-02-09,P795,Product-P795,Home,65.6,18.67,46.93,Net Banking,Hyderabad,2023-12-26,33,Female,High
O781113,1106,2024-01-20,P687,Product-P687,Grocery,168.7,26.8,141.9,UPI,Bangalore,2023-05-18,52,Female,Low
O642895,1136,2024-03-12,P355,Product-P355,Electronics,797.66,6.2,791.46,Debit Card,Hyderabad,2023-03-20,22,Other,Low
O324993,1061,2024-04-09,P675,Product-P675,Electronics,397.83,31.24,366.59,Net Banking,Hyderabad,2023-04-09,57,Other,Medium
O574001,1143,2024-03-14,P810,Product-P810,Home,109.56,6.58,102.98,Debit Card,Mumbai,2023-07-17,32,Female,Medium
O844007,1042,2024-02-14,P830,Product-P830,Home,34.17,10.22,23.95,Net Banking,Bangalore,2023-02-17,56,Male,Medium
O846385,1158,2024-01-17,P663,Product-P663,Beauty,239.12,20.83,218.29,Net Banking,Delhi,2023-02-27,46,Male,Low
O930541,1111,2024-02-14,P912,Product-P912,Clothing,121.31,18.52,102.79,Credit Card,Delhi,2023-04-19,56,Female,High
O486831,1065,2024-02-05,P342,Product-P342,Home,137.53,1.08,136.45,Cash,Chennai,2023-12-05,59,Female,Low
O424314,1063,2024-04-29,P922,Product-P922,Beauty,158.84,6.18,152.66,Credit Card,Mumbai,2023-02-05,19,Female,Medium
O177333,1254,2024-04-11,P834,Product-P834,Home,67.25,10.61,56.64,UPI,Chennai,2023-04-08,28,Male,High
O234568,1142,2024-02-02,P424,Product-P424,Electronics,100.54,13.57,86.97,Cash,Bangalore,2023-02-02,32,Male,Low
O643269,1166,2024-02-16,P886,Product-P886,Grocery,65.84,8.55,57.29,Credit Card,Mumbai,2023-04-02,59,Other,Low
O644103,1209,2024-02-09,P411,Product-P411,Grocery,259.25,12.6,246.65,Debit Card,Bangalore,2023-12-20,40,Other,Medium
O231250,1122,2024-03-13,P966,Product-P966,Electronics,372.23,27.98,344.25,Cash,Bangalore,2023-10-03,54,Other,Medium
O708851,1078,2024-03-18,P729,Product-P729,Beauty,56.64,1.59,55.05,Debit Card,Chennai,2023-07-01,31,Other,High
O983456,1045,2024-02-09,P275,Product-P275,Beauty,94.49,20.43,74.06,Cash,Bangalore,2023-07-03,42,Male,Low
O782759,1028,2024-01-11,P945,Product-P945,Electronics,78.55,1.91,76.64,Cash,Bangalore,2023-04-23,61,Male,Low
O757629,1146,2024-02-23,P885,Product-P885,Beauty,60.76,7.59,53.17,Credit Card,Hyderabad,2023-08-28,30,Male,Medium
O575575,1223,2024-03-15,P757,Product-P757,Clothing,138.94,20.13,118.81,UPI,Bangalore,2023-06-23,34,Other,Low
O587002,1189,2024-01-19,P805,Product-P805,Electronics,169.53,8.04,161.49,UPI,Hyderabad,2023-01-30,26,Male,Low
O518084,1131,2024-02-22,P448,Product-P448,Beauty,175.72,7.57,168.15,Net Banking,Bangalore,2023-09-18,54,Female,Medium
O353480,1161,2024-02-03,P878,Product-P878,Clothing,27.38,4.23,23.15,Credit Card,Bangalore,2023-03-22,49,Other,Medium
O153063,1162,2024-04-29,P225,Product-P225,Clothing,503.86,67.96,435.9,Debit Card,Mumbai,2023-08-21,24,Other,Medium
O705748,1096,2024-03-15,P493,Product-P493,Beauty,278.32,34.91,243.41,Debit Card,Bangalore,2023-12-19,24,Other,High
O622987,1079,2024-03-21,P294,Product-P294,Grocery,144.52,21.6,122.92,Cash,Hyderabad,2023-04-18,40,Male,Medium
O579441,1211,2024-03-19,P609,Product-P609,Electronics,20.33,0.55,19.78,UPI,Chennai,2023-06-09,49,Male,Medium
O618934,1203,2024-03-02,P320,Product-P320,Beauty,405.34,42.91,362.43,Credit Card,Bangalore,2023-05-16,20,Male,Medium
O240440,1181,2024-04-30,P392,Product-P392,Beauty,14.98,0.04,14.94,Credit Card,Hyderabad,2023-11-03,44,Male,Low
O520040,1178,2024-03-08,P844,Product-P844,Clothing,339.28,77.75,261.53,Net Banking,Mumbai,2023-10-04,56,Female,Low
O177103,1037,2024-01-14,P683,Product-P683,Beauty,64.03,3.74,60.29,Cash,Bangalore,2023-05-23,20,Male,Low
O813449,1176,2024-04-08,P616,Product-P616,Home,296.82,68.07,228.75,Net Banking,Chennai,2023-07-11,45,Other,Low
O483366,1016,2024-01-31,P231,Product-P231,Electronics,214.95,25.4,189.55,Net Banking,Chennai,2023-02-17,20,Female,High
O147504,1178,2024-02-06,P303,Product-P303,Beauty,278.08,42.47,235.61,Cash,Mumbai,2023-10-04,56,Female,Low
O256175,1276,2024-01-10,P240,Product-P240,Clothing,639.01,154.12,484.89,Cash,Hyderabad,2023-08-18,20,Female,Medium
O512042,1091,2024-05-11,P243,Product-P243,Clothing,116.42,32.53,83.89,Net Banking,Delhi,2023-03-25,46,Male,High
O613641,1032,2024-03-17,P707,Product-P707,Clothing,252.62,38.45,214.17,Cash,Chennai,2023-01-04,45,Male,High
O712056,1202,2024-03-17,P586,Product-P586,Electronics,108.03,11.94,96.09,Credit Card,Hyderabad,2023-03-26,19,Male,Medium
O705693,1145,2024-03-19,P915,Product-P915,Electronics,228.26,40.88,187.38,Net Banking,Chennai,2023-11-02,59,Other,Medium
O759580,1069,2024-02-28,P838,Product-P838,Electronics,303.38,53.11,250.27,Debit Card,Chennai,2023-04-30,43,Other,Medium
O119857,1186,2024-04-07,P251,Product-P251,Grocery,360.84,3.42,357.42,Credit Card,Delhi,2023-07-05,23,Male,Medium
O626195,1066,2024-04-22,P421,Product-P421,Home,75.32,3.42,71.9,Debit Card,Hyderabad,2023-04-27,21,Other,Low
O688132,1084,2024-04-30,P993,Product-P993,Electronics,204.07,43.21,160.86,Cash,Delhi,2023-11-28,35,Female,Low
O581992,1088,2024-03-24,P778,Product-P778,Home,67.85,10.7,57.15,Net Banking,Delhi,2023-03-29,42,Other,Medium
O607699,1249,2024-03-28,P659,Product-P659,Clothing,23.89,4.84,19.05,Net Banking,Chennai,2023-10-23,57,Male,Low
O908634,1065,2024-02-19,P352,Product-P352,Clothing,407.56,68.24,339.32,Debit Card,Bangalore,2023-12-05,59,Female,Low
O603110,1134,2024-03-14,P821,Product-P821,Grocery,121.49,25.16,96.33,UPI,Bangalore,2023-01-25,20,Male,Medium
O498138,1063,2024-03-30,P673,Product-P673,Clothing,95.87,8.28,87.59,Cash,Chennai,2023-02-05,19,Female,Medium
O144109,1220,2024-04-11,P938,Product-P938,Clothing,5.27,1.51,3.76,Debit Card,Bangalore,2023-05-07,49,Other,Medium
O883641,1112,2024-03-14,P831,Product-P831,Electronics,98.53,10.24,88.29,UPI,Bangalore,2023-12-02,58,Male,Medium
O829988,1294,2024-05-02,P319,Product-P319,Grocery,429.32,106.64,322.68,Net Banking,Chennai,2023-07-28,35,Male,High
O354235,1071,2024-03-10,P240,Product-P240,Electronics,14.17,2.62,11.55,Cash,Delhi,2023-07-14,51,Female,Low
O205065,1126,2024-01-13,P785,Product-P785,Beauty,8.38,0.57,7.81,Debit Card,Mumbai,2023-10-26,39,Other,Medium
O677086,1121,2024-04-15,P438,Product-P438,Home,6.04,0.18,5.86,Debit Card,Mumbai,2023-10-15,41,Male,Low
O436768,1135,2024-02-10,P516,Product-P516,Home,658.63,94.34,564.29,Debit Card,Bangalore,2023-02-26,18,Other,Low
O343500,1122,2024-03-14,P761,Product-P761,Electronics,105.51,28.74,76.77,Credit Card,Chennai,2023-10-03,54,Other,Medium
O976822,1296,2024-01-10,P279,Product-P279,Home,12.72,3.37,9.35,Debit Card,Mumbai,2023-09-04,52,Male,High
O109717,1057,2024-04-11,P906,Product-P906,Home,361.57,20.21,341.36,Net Banking,Mumbai,2023-11-18,52,Female,High
O576419,1038,2024-03-17,P681,Product-P681,Beauty,580.58,18.69,561.89,Net Banking,Bangalore,2023-03-21,54,Female,Low
O302177,1164,2024-05-14,P605,Product-P605,Grocery,400.01,102.13,297.88,UPI,Bangalore,2023-05-15,45,Female,Low
O114768,1023,2024-01-29,P438,Product-P438,Grocery,346.93,76.09,270.84,Net Banking,Delhi,2023-04-12,19,Male,High
O740632,1130,2024-03-27,P909,Product-P909,Clothing,402.18,68.51,333.67,Debit Card,Delhi,2023-03-12,52,Female,High
O801765,1278,2024-04-13,P946,Product-P946,Home,56.98,8.81,48.17,Credit Card,Hyderabad,2023-08-05,41,Other,Medium
O373453,1067,2024-01-25,P289,Product-P289,Grocery,117.42,16.82,100.6,Debit Card,Mumbai,2023-05-29,46,Female,High
O710754,1069,2024-04-08,P341,Product-P341,Home,41.85,9.46,32.39,Net Banking,Bangalore,2023-04-30,43,Other,Medium
O588002,1123,2024-01-03,P367,Product-P367,Clothing,998.49,207.52,790.97,Credit Card,Mumbai,2023-05-15,52,Female,Medium
O769737,1234,2024-03-19,P263,Product-P263,Home,355.29,73.13,282.16,Net Banking,Mumbai,2023-01-31,23,Female,Low
O260626,1085,2024-03-16,P476,Product-P476,Beauty,126.35,8.37,117.98,Debit Card,Hyderabad,2023-02-06,64,Male,High
O894139,1163,2024-04-26,P865,Product-P865,Beauty,260.55,29.2,231.35,Cash,Hyderabad,2023-01-02,39,Male,Medium
O651033,1281,2024-02-25,P880,Product-P880,Grocery,124.56,25.42,99.14,Cash,Mumbai,2023-08-25,28,Male,Medium
O164758,1236,2024-04-24,P640,Product-P640,Clothing,248.27,5.82,242.45,Cash,Mumbai,2023-02-04,46,Female,Medium
O995993,1029,2024-05-09,P307,Product-P307,Beauty,44.52,7.17,37.35,Debit Card,Bangalore,2023-08-18,42,Male,Medium
O195359,1276,2024-05-13,P552,Product-P552,Electronics,188.68,38.51,150.17,Cash,Hyderabad,2023-08-18,20,Female,Medium
O578987,1156,2024-05-10,P556,Product-P556,Electronics,4.74,0.64,4.1,Cash,Hyderabad,2023-11-25,32,Male,High
O515182,1123,2024-01-15,P672,Product-P672,Home,66.68,13.46,53.22,Net Banking,Mumbai,2023-05-15,52,Female,Medium
O147489,1212,2024-03-06,P936,Product-P936,Electronics,245.66,54.96,190.7,Cash,Mumbai,2023-07-24,50,Male,Medium
O595002,1225,2024-04-18,P452,Product-P452,Electronics,103.11,16.74,86.37,Credit Card,Mumbai,2023-10-29,41,Female,Medium
O492650,1022,2024-01-09,P393,Product-P393,Home,49.14,2.65,46.49,Debit Card,Hyderabad,2023-10-15,55,Female,Medium
O785280,1114,2024-04-07,P559,Product-P559,Home,229.34,25.85,203.49,Cash,Delhi,2023-07-22,24,Female,High
O233533,1042,2024-03-30,P221,Product-P221,Grocery,16.14,4.81,11.33,UPI,Chennai,2023-02-17,56,Male,Medium
O806215,1220,2024-02-27,P954,Product-P954,Electronics,331.99,75.31,256.68,Net Banking,Hyderabad,2023-05-07,49,Other,Medium
O462974,1096,2024-04-18,P644,Product-P644,Home,2.06,0.51,1.55,Debit Card,Hyderabad,2023-12-19,24,Other,High
O948799,1273,2024-02-09,P382,Product-P382,Grocery,216.54,60.9,155.64,Credit Card,Mumbai,2023-04-09,52,Male,Low
O722795,1076,2024-04-17,P729,Product-P729,Electronics,101.3,7.31,93.99,Credit Card,Mumbai,2023-03-25,32,Other,Low
O876513,1267,2024-01-09,P557,Product-P557,Beauty,376.57,75.92,300.65,Credit Card,Delhi,2023-02-20,29,Other,Medium
O246942,1122,2024-01-12,P511,Product-P511,Home,1307.31,91.91,1215.4,Debit Card,Mumbai,2023-10-03,54,Other,Medium
O705526,1289,2024-05-08,P396,Product-P396,Grocery,67.83,16.6,51.23,Cash,Bangalore,2023-10-04,52,Female,Medium
O533649,1298,2024-03-23,P342,Product-P342,Clothing,289.31,76.05,213.26,Cash,Delhi,2023-07-25,58,Other,Medium
O756401,1053,2024-03-17,P381,Product-P381,Electronics,354.5,59.21,295.29,Cash,Delhi,2023-07-13,24,Male,Medium
O923975,1019,2024-04-19,P669,Product-P669,Home,82.92,1.17,81.75,Net Banking,Hyderabad,2023-09-16,41,Female,Low
O292811,1145,2024-05-14,P426,Product-P426,Home,94.21,11.54,82.67,Net Banking,Hyderabad,2023-11-02,59,Other,Medium
O160423,1266,2024-05-01,P346,Product-P346,Grocery,188.11,16.97,171.14,Debit Card,Hyderabad,2023-11-27,18,Male,Low
O367382,1067,2024-04-15,P526,Product-P526,Beauty,20.54,3.27,17.27,UPI,Delhi,2023-05-29,46,Female,High
O661654,1023,2024-02-22,P438,Product-P438,Electronics,56.66,15.68,40.98,Net Banking,Mumbai,2023-04-12,19,Male,High
O141468,1271,2024-02-18,P152,Product-P152,Clothing,1.89,0.21,1.68,Cash,Chennai,2023-02-25,26,Female,Medium
O602681,1255,2024-01-19,P292,Product-P292,Beauty,182.03,39.55,142.48,Cash,Delhi,2023-02-18,45,Other,Low
O299254,1145,2024-02-23,P990,Product-P990,Clothing,395.62,35.98,359.64,Credit Card,Delhi,2023-11-02,59,Other,Medium
O515898,1021,2024-01-31,P864,Product-P864,Home,415.72,114.05,301.67,Cash,Delhi,2023-01-14,47,Other,Medium
O659572,1204,2024-03-02,P665,Product-P665,Clothing,297.27,69.16,228.11,UPI,Hyderabad,2023-09-28,54,Other,Medium
O203398,1163,2024-04-01,P415,Product-P415,Clothing,157.87,17.03,140.84,UPI,Hyderabad,2023-01-02,39,Male,Medium
O534037,1294,2024-04-30,P879,Product-P879,Clothing,439.78,120.63,319.15,Net Banking,Bangalore,2023-07-28,35,Male,High
O680189,1005,2024-01-12,P676,Product-P676,Grocery,109.34,24.31,85.03,Credit Card,Bangalore,2023-05-06,25,Other,Medium
O697467,1077,2024-04-16,P402,Product-P402,Grocery,51.07,3.01,48.06,Debit Card,Hyderabad,2023-07-09,25,Female,High
O900441,1096,2024-03-03,P611,Product-P611,Beauty,91.83,18.03,73.8,Net Banking,Bangalore,2023-12-19,24,Other,High
O246757,1037,2024-05-05,P840,Product-P840,Home,570.19,78.83,491.36,Net Banking,Delhi,2023-05-23,20,Male,Low
O135466,1049,2024-05-05,P288,Product-P288,Beauty,126.99,37.73,89.26,Credit Card,Chennai,2023-01-23,19,Other,Low
O983472,1188,2024-01-20,P937,Product-P937,Electronics,29.78,6.83,22.95,UPI,Delhi,2023-05-03,44,Female,Medium
O491329,1100,2024-02-29,P169,Product-P169,Grocery,309.67,0.85,308.82,Cash,Hyderabad,2023-06-16,61,Other,Medium
O106933,1068,2024-01-16,P732,Product-P732,Beauty,21.85,5.98,15.87,UPI,Mumbai,2023-02-10,35,Other,High
O400614,1216,2024-04-15,P112,Product-P112,Electronics,121.9,19.36,102.54,Net Banking,Chennai,2023-08-13,61,Other,Low
O200992,1082,2024-01-05,P614,Product-P614,Home,75.66,18.3,57.36,Debit Card,Mumbai,2023-12-26,33,Female,High
O954814,1163,2024-05-14,P252,Product-P252,Grocery,18.76,1.08,17.68,Cash,Bangalore,2023-01-02,39,Male,Medium
O692447,1185,2024-03-31,P373,Product-P373,Home,447.13,10.6,436.53,UPI,Hyderabad,2023-02-27,56,Other,Low
O198042,1086,2024-03-03,P813,Product-P813,Grocery,13.84,1.25,12.59,Credit Card,Mumbai,2023-11-08,41,Male,High
O836986,1213,2024-04-13,P488,Product-P488,Home,587.93,97.48,490.45,Credit Card,Mumbai,2023-12-10,18,Other,Low
O999636,1226,2024-02-13,P184,Product-P184,Home,238.78,60.55,178.23,Net Banking,Chennai,2023-10-11,22,Male,Medium
O384263,1111,2024-01-25,P640,Product-P640,Electronics,181.42,12.51,168.91,Cash,Hyderabad,2023-04-19,56,Female,High
O288066,1274,2024-01-12,P176,Product-P176,Clothing,122.2,32.97,89.23,Cash,Mumbai,2023-04-08,36,Female,Medium
O413814,1089,2024-03-21,P116,Product-P116,Grocery,7.43,1.31,6.12,UPI,Mumbai,2023-10-01,62,Male,Medium
O447843,1210,2024-02-11,P677,Product-P677,Grocery,0.19,0.03,0.16,UPI,Chennai,2023-04-13,54,Male,High
O881667,1183,2024-04-08,P873,Product-P873,Grocery,48.3,11.45,36.85,Credit Card,Chennai,2023-09-08,58,Female,Low
O734565,1268,2024-03-29,P154,Product-P154,Electronics,39.9,5.23,34.67,Credit Card,Bangalore,2023-02-01,22,Male,Low
O614435,1034,2024-04-11,P892,Product-P892,Clothing,1236.67,10.99,1225.68,Net Banking,Hyderabad,2023-12-24,32,Female,Medium
O812711,1110,2024-02-28,P464,Product-P464,Beauty,56.75,16.02,40.73,UPI,Delhi,2023-06-11,59,Female,High
O186023,1173,2024-04-07,P187,Product-P187,Beauty,289.5,25.65,263.85,Debit Card,Mumbai,2023-11-08,37,Male,High
O432061,1018,2024-03-09,P257,Product-P257,Home,123.5,26.37,97.13,Debit Card,Hyderabad,2023-04-30,19,Other,Low
O477400,1031,2024-04-02,P209,Product-P209,Electronics,424.37,0.66,423.71,Net Banking,Hyderabad,2023-05-23,59,Other,Medium
O684041,1107,2024-03-10,P204,Product-P204,Grocery,158.65,4.15,154.5,UPI,Hyderabad,2023-02-03,52,Male,Low
O197584,1251,2024-05-11,P517,Product-P517,Electronics,6.43,0.05,6.38,Net Banking,Chennai,2023-05-05,35,Male,Low
O917018,1158,2024-03-24,P984,Product-P984,Home,284.11,1.05,283.06,UPI,Hyderabad,2023-02-27,46,Male,Low
O646417,1059,2024-01-22,P842,Product-P842,Beauty,67.62,18.36,49.26,Debit Card,Chennai,2023-07-05,34,Female,Medium
O381444,1193,2024-02-13,P801,Product-P801,Home,40.5,2.06,38.44,Net Banking,Bangalore,2023-02-13,61,Female,High
O414313,1049,2024-05-06,P249,Product-P249,Electronics,100.91,5.06,95.85,Net Banking,Hyderabad,2023-01-23,19,Other,Low
O722651,1025,2024-05-03,P901,Product-P901,Electronics,45.37,4.92,40.45,Debit Card,Hyderabad,2023-12-26,50,Male,High
O448354,1138,2024-02-20,P568,Product-P568,Electronics,56.66,2.3,54.36,Credit Card,Hyderabad,2023-03-23,31,Other,Medium
O242736,1153,2024-04-07,P923,Product-P923,Clothing,85.33,11.27,74.06,UPI,Chennai,2023-12-16,40,Female,High
O429445,1097,2024-03-17,P428,Product-P428,Beauty,45.18,12.84,32.34,Debit Card,Hyderabad,2023-10-13,26,Female,High
O919959,1026,2024-02-15,P507,Product-P507,Clothing,96.31,8.42,87.89,UPI,Chennai,2023-10-07,29,Other,Medium
O219420,1252,2024-03-03,P433,Product-P433,Home,504.94,42.46,462.48,UPI,Bangalore,2023-08-31,57,Female,Medium
O862538,1209,2024-02-21,P706,Product-P706,Beauty,1288.25,69.54,1218.71,Cash,Mumbai,2023-12-20,40,Other,Medium
O958747,1035,2024-04-28,P825,Product-P825,Grocery,309.01,40.65,268.36,Net Banking,Mumbai,2023-08-05,64,Male,Low
O364955,1093,2024-04-14,P789,Product-P789,Home,16.99,0.71,16.28,Net Banking,Delhi,2023-07-14,62,Female,Low
O726979,1192,2024-02-09,P832,Product-P832,Home,453.27,107.3,345.97,Credit Card,Hyderabad,2023-02-10,59,Female,Low
O138551,1295,2024-05-02,P696,Product-P696,Home,303.75,48.69,255.06,UPI,Chennai,2023-09-06,19,Other,High
O906306,1141,2024-04-02,P818,Product-P818,Beauty,135.98,24.22,111.76,Credit Card,Mumbai,2023-11-02,26,Female,Low
O690579,1053,2024-03-04,P773,Product-P773,Clothing,96.56,4.82,91.74,Cash,Mumbai,2023-07-13,24,Male,Medium
O111060,1169,2024-04-12,P870,Product-P870,Clothing,330.27,95.68,234.59,UPI,Mumbai,2023-11-17,45,Other,Low
O708717,1114,2024-01-26,P364,Product-P364,Grocery,474.8,72.74,402.06,Cash,Chennai,2023-07-22,24,Female,High
O258067,1232,2024-02-26,P556,Product-P556,Clothing,250.52,29.4,221.12,Cash,Chennai,2023-12-29,50,Female,Medium
O221707,1011,2024-03-29,P125,Product-P125,Home,132.67,4.16,128.51,UPI,Mumbai,2023-02-14,28,Other,Medium
O606384,1258,2024-02-06,P456,Product-P456,Clothing,235.15,24.2,210.95,Debit Card,Chennai,2023-08-09,48,Female,High
O170437,1032,2024-03-30,P587,Product-P587,Electronics,0.49,0.06,0.43,UPI,Bangalore,2023-01-04,45,Male,High
O810032,1231,2024-03-17,P145,Product-P145,Electronics,603.96,4.09,599.87,Net Banking,Mumbai,2023-02-06,33,Male,Medium
O447067,1038,2024-02-12,P858,Product-P858,Grocery,506.33,78.38,427.95,Cash,Delhi,2023-03-21,54,Female,Low
O771590,1030,2024-04-19,P573,Product-P573,Grocery,134.76,32.25,102.51,Debit Card,Delhi,2023-10-29,44,Other,Medium
O720970,1048,2024-04-20,P505,Product-P505,Electronics,527.38,116.67,410.71,Debit Card,Hyderabad,2023-05-16,43,Male,High
O888870,1269,2024-04-19,P498,Product-P498,Electronics,91.48,19.34,72.14,Debit Card,Bangalore,2023-07-26,54,Other,Medium
O483561,1223,2024-01-17,P691,Product-P691,Electronics,151.04,36.23,114.81,Cash,Delhi,2023-06-23,34,Other,Low
O770153,1094,2024-03-24,P301,Product-P301,Home,191.68,6.55,185.13,UPI,Chennai,2023-05-19,18,Other,Low
O464825,1158,2024-03-21,P711,Product-P711,Home,441.6,80.99,360.61,Cash,Mumbai,2023-02-27,46,Male,Low
O718836,1028,2024-03-31,P965,Product-P965,Home,137.93,25.55,112.38,Net Banking,Chennai,2023-04-23,61,Male,Low
O222629,1013,2024-01-22,P788,Product-P788,Grocery,391.7,36.8,354.9,Debit Card,Bangalore,2023-08-05,53,Female,Low
O244564,1034,2024-02-16,P482,Product-P482,Grocery,14.57,2.23,12.34,UPI,Chennai,2023-12-24,32,Female,Medium
O681868,1167,2024-04-08,P533,Product-P533,Grocery,185.32,27.06,158.26,Cash,Delhi,2023-09-17,62,Other,Low
O749498,1298,2024-02-12,P601,Product-P601,Clothing,267.56,11.26,256.3,Net Banking,Hyderabad,2023-07-25,58,Other,Medium
O304607,1190,2024-01-14,P986,Product-P986,Clothing,229.75,65.61,164.14,UPI,Delhi,2023-05-04,54,Other,Medium
O535820,1227,2024-04-08,P675,Product-P675,Beauty,45.67,8.95,36.72,UPI,Hyderabad,2023-04-28,51,Other,Medium
O406278,1299,2024-04-23,P600,Product-P600,Grocery,141.11,3.5,137.61,Credit Card,Delhi,2023-01-31,53,Male,High
O693127,1159,2024-01-09,P381,Product-P381,Grocery,50.5,8.14,42.36,Debit Card,Hyderabad,2023-05-31,53,Male,Medium
O912764,1135,2024-05-06,P662,Product-P662,Beauty,4.79,0.16,4.63,Credit Card,Bangalore,2023-02-26,18,Other,Low
O329157,1235,2024-04-03,P655,Product-P655,Electronics,112.4,25.63,86.77,UPI,Chennai,2023-04-28,33,Female,Low
O375581,1161,2024-04-18,P204,Product-P204,Grocery,40.64,3.63,37.01,Credit Card,Hyderabad,2023-03-22,49,Other,Medium
O320073,1288,2024-03-30,P982,Product-P982,Electronics,215.03,28.32,186.71,Credit Card,Delhi,2023-11-30,42,Other,Medium
O245998,1105,2024-03-30,P981,Product-P981,Beauty,224.58,42.63,181.95,Debit Card,Chennai,2023-07-25,25,Other,Medium
O658136,1002,2024-02-22,P933,Product-P933,Grocery,144.73,34.97,109.76,Cash,Bangalore,2023-02-27,46,Female,Medium
O700556,1065,2024-03-12,P711,Product-P711,Beauty,33.77,1.71,32.06,Net Banking,Bangalore,2023-12-05,59,Female,Low
O886530,1260,2024-03-09,P978,Product-P978,Beauty,97.83,28.92,68.91,Credit Card,Delhi,2023-08-05,59,Other,Low
O361805,1079,2024-04-15,P160,Product-P160,Clothing,889.61,231.4,658.21,Debit Card,Delhi,2023-04-18,40,Male,Medium
O249077,1185,2024-02-07,P828,Product-P828,Clothing,245.2,60.94,184.26,UPI,Hyderabad,2023-02-27,56,Other,Low
O522419,1266,2024-03-09,P742,Product-P742,Home,150.89,16.98,133.91,Credit Card,Mumbai,2023-11-27,18,Male,Low
O611751,1096,2024-05-11,P867,Product-P867,Clothing,21.92,4.57,17.35,Net Banking,Hyderabad,2023-12-19,24,Other,High
O765678,1145,2024-03-24,P695,Product-P695,Electronics,256.63,66.9,189.73,Credit Card,Hyderabad,2023-11-02,59,Other,Medium
O550513,1168,2024-04-01,P970,Product-P970,Electronics,57.86,13.81,44.05,UPI,Delhi,2023-02-24,23,Female,Low
O673896,1157,2024-02-24,P606,Product-P606,Clothing,88.41,8.56,79.85,Net Banking,Bangalore,2023-06-24,60,Male,Medium
O204411,1045,2024-02-03,P679,Product-P679,Home,1308.89,309.54,999.35,Credit Card,Mumbai,2023-07-03,42,Male,Low
O578693,1091,2024-04-27,P116,Product-P116,Electronics,159.31,44.42,114.89,Debit Card,Hyderabad,2023-03-25,46,Male,High
O266699,1070,2024-01-01,P538,Product-P538,Grocery,513.93,153.52,360.41,Debit Card,Bangalore,2023-02-21,61,Female,Medium
O154302,1048,2024-03-11,P195,Product-P195,Clothing,173.13,13.0,160.13,Net Banking,Delhi,2023-05-16,43,Male,High
O787326,1109,2024-04-11,P740,Product-P740,Clothing,18.86,4.11,14.75,Debit Card,Hyderabad,2023-10-18,22,Female,High
O239145,1277,2024-01-24,P820,Product-P820,Electronics,43.31,0.01,43.3,UPI,Mumbai,2023-03-13,37,Male,Low
O542828,1027,2024-02-27,P631,Product-P631,Home,31.38,0.09,31.29,Net Banking,Mumbai,2023-08-03,39,Male,Medium
O208214,1122,2024-02-03,P589,Product-P589,Electronics,185.03,12.71,172.32,Credit Card,Mumbai,2023-10-03,54,Other,Medium
O171734,1145,2024-03-21,P476,Product-P476,Clothing,18.83,0.77,18.06,Debit Card,Delhi,2023-11-02,59,Other,Medium
O468247,1002,2024-05-15,P676,Product-P676,Electronics,234.76,42.98,191.78,Debit Card,Hyderabad,2023-02-27,46,Female,Medium
O327797,1279,2024-02-24,P743,Product-P743,Grocery,189.17,52.2,136.97,Cash,Hyderabad,2023-04-04,50,Other,Medium
O468611,1163,2024-01-23,P202,Product-P202,Grocery,31.11,7.02,24.09,Cash,Hyderabad,2023-01-02,39,Male,Medium
O680278,1042,2024-04-19,P422,Product-P422,Grocery,233.68,17.37,216.31,Credit Card,Delhi,2023-02-17,56,Male,Medium
O642899,1223,2024-03-13,P897,Product-P897,Electronics,5.65,1.44,4.21,Net Banking,Delhi,2023-06-23,34,Other,Low
O618927,1228,2024-05-10,P293,Product-P293,Home,528.99,46.9,482.09,Credit Card,Delhi,2023-10-29,23,Female,Medium
O653948,1206,2024-04-08,P215,Product-P215,Grocery,65.41,9.8,55.61,Cash,Mumbai,2023-08-05,19,Male,Medium
O483162,1005,2024-01-04,P469,Product-P469,Clothing,526.39,20.84,505.55,Cash,Hyderabad,2023-05-06,25,Other,Medium
O715895,1199,2024-02-14,P881,Product-P881,Home,68.66,19.66,49.0,Credit Card,Mumbai,2023-12-04,58,Other,Low
O631219,1181,2024-01-18,P114,Product-P114,Clothing,343.22,22.21,321.01,Credit Card,Hyderabad,2023-11-03,44,Male,Low
O186431,1229,2024-03-14,P743,Product-P743,Beauty,26.05,5.99,20.06,UPI,Hyderabad,2023-04-23,39,Other,Low
O947312,1165,2024-02-09,P384,Product-P384,Electronics,45.17,4.2,40.97,Cash,Delhi,2023-09-14,19,Male,Low
O832614,1124,2024-02-09,P649,Product-P649,Clothing,0.07,0.01,0.06,Credit Card,Bangalore,2023-10-27,61,Male,Medium
O221620,1251,2024-04-21,P847,Product-P847,Grocery,143.39,2.49,140.9,Credit Card,Hyderabad,2023-05-05,35,Male,Low
O113280,1218,2024-04-26,P726,Product-P726,Beauty,27.41,0.45,26.96,Debit Card,Mumbai,2023-08-20,49,Male,Medium
O642347,1047,2024-02-05,P818,Product-P818,Electronics,306.12,15.05,291.07,Net Banking,Chennai,2023-11-06,26,Other,Low
O908903,1186,2024-03-07,P270,Product-P270,Clothing,352.49,13.42,339.07,Net Banking,Mumbai,2023-07-05,23,Male,Medium
O846925,1032,2024-01-08,P443,Product-P443,Home,89.38,7.29,82.09,Credit Card,Bangalore,2023-01-04,45,Male,High
O694423,1182,2024-01-20,P608,Product-P608,Home,647.92,99.28,548.64,Credit Card,Hyderabad,2023-06-15,30,Female,Low
O806866,1128,2024-02-12,P476,Product-P476,Grocery,79.22,6.06,73.16,Credit Card,Chennai,2023-07-05,52,Other,Medium
O148215,1044,2024-01-30,P333,Product-P333,Beauty,554.21,0.43,553.78,Credit Card,Delhi,2023-02-19,21,Female,Medium
O679720,1087,2024-04-30,P472,Product-P472,Home,67.96,18.76,49.2,Debit Card,Mumbai,2023-11-22,43,Female,High
O966120,1232,2024-04-17,P329,Product-P329,Clothing,336.89,25.09,311.8,Net Banking,Bangalore,2023-12-29,50,Female,Medium
O334026,1162,2024-01-20,P685,Product-P685,Clothing,463.4,16.6,446.8,Credit Card,Delhi,2023-08-21,24,Other,Medium
O911102,1018,2024-05-12,P147,Product-P147,Home,29.0,0.6,28.4,UPI,Bangalore,2023-04-30,19,Other,Low
O310418,1204,2024-03-20,P435,Product-P435,Electronics,201.51,33.44,168.07,Credit Card,Bangalore,2023-09-28,54,Other,Medium
O486162,1289,2024-03-15,P677,Product-P677,Clothing,55.19,12.25,42.94,Debit Card,Hyderabad,2023-10-04,52,Female,Medium
O257880,1062,2024-05-06,P891,Product-P891,Grocery,46.04,10.12,35.92,Cash,Delhi,2023-12-27,21,Female,Medium
O451291,1284,2024-01-02,P519,Product-P519,Electronics,17.04,1.19,15.85,Net Banking,Mumbai,2023-08-15,55,Male,High
O315161,1013,2024-01-01,P877,Product-P877,Home,29.06,7.4,21.66,Net Banking,Mumbai,2023-08-05,53,Female,Low
O846221,1109,2024-05-15,P343,Product-P343,Home,70.66,10.43,60.23,Credit Card,Delhi,2023-10-18,22,Female,High
O834891,1108,2024-03-12,P195,Product-P195,Electronics,98.24,27.15,71.09,Cash,Hyderabad,2023-04-19,50,Female,High
O768169,1298,2024-04-05,P569,Product-P569,Electronics,397.15,69.2,327.95,Cash,Delhi,2023-07-25,58,Other,Medium
O348273,1241,2024-04-10,P176,Product-P176,Beauty,11.55,1.97,9.58,UPI,Delhi,2023-05-02,43,Other,Medium
O433507,1174,2024-03-15,P367,Product-P367,Clothing,59.5,16.53,42.97,UPI,Bangalore,2023-04-12,47,Female,Medium
O917823,1267,2024-04-25,P378,Product-P378,Grocery,463.5,10.39,453.11,Debit Card,Delhi,2023-02-20,29,Other,Medium
O526259,1052,2024-01-28,P259,Product-P259,Electronics,315.51,15.56,299.95,UPI,Bangalore,2023-03-05,64,Other,High
O423284,1126,2024-01-31,P648,Product-P648,Clothing,133.88,38.74,95.14,Debit Card,Hyderabad,2023-10-26,39,Other,Medium
O142288,1267,2024-04-28,P371,Product-P371,Electronics,26.87,0.73,26.14,Net Banking,Chennai,2023-02-20,29,Other,Medium
O515492,1159,2024-02-25,P955,Product-P955,Clothing,14.23,0.63,13.6,Debit Card,Bangalore,2023-05-31,53,Male,Medium
O524035,1197,2024-05-11,P150,Product-P150,Clothing,86.33,6.74,79.59,Debit Card,Mumbai,2023-03-06,49,Female,High
O942946,1192,2024-04-25,P669,Product-P669,Beauty,612.31,45.9,566.41,UPI,Mumbai,2023-02-10,59,Female,Low
O307757,1096,2024-02-05,P224,Product-P224,Electronics,115.37,2.13,113.24,Debit Card,Delhi,2023-12-19,24,Other,High
O122859,1066,2024-04-12,P481,Product-P481,Electronics,102.96,17.99,84.97,Net Banking,Mumbai,2023-04-27,21,Other,Low
O228479,1098,2024-01-17,P302,Product-P302,Home,150.33,36.5,113.83,Credit Card,Bangalore,2023-04-23,41,Female,Low
O961599,1003,2024-01-11,P572,Product-P572,Electronics,230.27,11.6,218.67,Cash,Hyderabad,2023-01-13,32,Male,Low
O471136,1125,2024-04-11,P608,Product-P608,Electronics,403.63,46.34,357.29,UPI,Delhi,2023-08-08,57,Female,Low
O743937,1197,2024-02-24,P291,Product-P291,Clothing,213.04,17.89,195.15,Debit Card,Mumbai,2023-03-06,49,Female,High
O163941,1029,2024-03-03,P762,Product-P762,Clothing,37.72,5.65,32.07,Cash,Hyderabad,2023-08-18,42,Male,Medium
O361250,1298,2024-01-23,P386,Product-P386,Home,419.02,17.25,401.77,Debit Card,Chennai,2023-07-25,58,Other,Medium
O693128,1189,2024-01-05,P491,Product-P491,Clothing,4.55,0.65,3.9,UPI,Bangalore,2023-01-30,26,Male,Low
O726121,1276,2024-05-08,P429,Product-P429,Home,574.56,46.61,527.95,Credit Card,Bangalore,2023-08-18,20,Female,Medium
O474795,1080,2024-02-26,P130,Product-P130,Clothing,182.04,3.2,178.84,UPI,Chennai,2023-12-10,57,Female,Medium
O659614,1028,2024-02-29,P263,Product-P263,Electronics,152.85,11.37,141.48,Debit Card,Bangalore,2023-04-23,61,Male,Low
O979988,1152,2024-01-15,P882,Product-P882,Grocery,403.04,69.61,333.43,UPI,Bangalore,2023-02-28,54,Other,Medium
O129576,1035,2024-02-14,P280,Product-P280,Grocery,373.28,66.35,306.93,Net Banking,Chennai,2023-08-05,64,Male,Low
O668458,1187,2024-03-31,P681,Product-P681,Beauty,122.61,5.23,117.38,Debit Card,Hyderabad,2023-06-07,25,Female,Medium
O730889,1172,2024-03-20,P279,Product-P279,Home,48.81,0.56,48.25,Credit Card,Delhi,2023-09-17,61,Male,Medium
O311250,1094,2024-02-26,P120,Product-P120,Beauty,57.04,8.18,48.86,Net Banking,Chennai,2023-05-19,18,Other,Low
O122977,1058,2024-02-03,P448,Product-P448,Grocery,200.43,55.25,145.18,Net Banking,Mumbai,2023-11-13,31,Other,Medium
O176054,1086,2024-02-07,P700,Product-P700,Grocery,185.53,43.1,142.43,Cash,Bangalore,2023-11-08,41,Male,High
O438273,1103,2024-04-05,P821,Product-P821,Home,208.56,36.67,171.89,Net Banking,Bangalore,2023-01-17,28,Male,High
O282664,1211,2024-02-04,P261,Product-P261,Home,159.21,37.82,121.39,UPI,Bangalore,2023-06-09,49,Male,Medium
O869649,1244,2024-04-01,P328,Product-P328,Beauty,282.38,69.0,213.38,UPI,Bangalore,2023-09-06,37,Female,Low
O992083,1300,2024-03-16,P230,Product-P230,Grocery,408.66,89.35,319.31,Cash,Hyderabad,2023-03-26,50,Other,Low
O770718,1042,2024-01-09,P286,Product-P286,Beauty,27.8,2.65,25.15,Cash,Delhi,2023-02-17,56,Male,Medium
O463656,1289,2024-01-27,P608,Product-P608,Grocery,826.64,82.13,744.51,Credit Card,Delhi,2023-10-04,52,Female,Medium
O111949,1078,2024-03-22,P271,Product-P271,Electronics,60.02,14.79,45.23,Net Banking,Hyderabad,2023-07-01,31,Other,High
O925250,1155,2024-03-08,P314,Product-P314,Grocery,453.12,94.23,358.89,Net Banking,Bangalore,2023-05-17,62,Female,Low
O274418,1238,2024-01-28,P837,Product-P837,Electronics,163.59,2.36,161.23,UPI,Hyderabad,2023-06-19,37,Female,Medium
O969067,1270,2024-04-15,P604,Product-P604,Home,79.99,8.43,71.56,UPI,Mumbai,2023-06-23,49,Male,Medium
O573209,1252,2024-05-02,P907,Product-P907,Beauty,204.28,39.89,164.39,Debit Card,Delhi,2023-08-31,57,Female,Medium
O209812,1255,2024-01-19,P918,Product-P918,Electronics,280.53,24.82,255.71,Net Banking,Bangalore,2023-02-18,45,Other,Low
O673619,1125,2024-01-19,P450,Product-P450,Grocery,80.66,21.49,59.17,Debit Card,Mumbai,2023-08-08,57,Female,Low
O552275,1154,2024-01-24,P446,Product-P446,Beauty,140.89,41.64,99.25,UPI,Mumbai,2023-10-02,56,Female,High
O315535,1274,2024-02-12,P721,Product-P721,Home,30.66,1.45,29.21,Credit Card,Bangalore,2023-04-08,36,Female,Medium
O792687,1069,2024-02-18,P519,Product-P519,Beauty,880.48,190.72,689.76,Cash,Bangalore,2023-04-30,43,Other,Medium
O676363,1131,2024-03-13,P404,Product-P404,Grocery,71.66,2.06,69.6,UPI,Chennai,2023-09-18,54,Female,Medium
O408857,1057,2024-05-05,P257,Product-P257,Electronics,441.7,47.81,393.89,UPI,Mumbai,2023-11-18,52,Female,High
O185916,1193,2024-05-02,P304,Product-P304,Electronics,177.78,1.37,176.41,Debit Card,Bangalore,2023-02-13,61,Female,High
O612855,1066,2024-05-01,P964,Product-P964,Electronics,191.36,17.7,173.66,UPI,Hyderabad,2023-04-27,21,Other,Low
O487345,1175,2024-03-08,P193,Product-P193,Beauty,98.44,11.44,87.0,Net Banking,Hyderabad,2023-03-20,28,Male,Medium
O337232,1242,2024-02-17,P556,Product-P556,Electronics,353.71,27.94,325.77,UPI,Bangalore,2023-05-23,20,Female,Low
O800596,1009,2024-03-09,P677,Product-P677,Electronics,43.95,1.99,41.96,Credit Card,Mumbai,2023-12-13,40,Other,Low
O680493,1242,2024-03-29,P927,Product-P927,Beauty,270.88,33.64,237.24,Cash,Delhi,2023-05-23,20,Female,Low
O820442,1146,2024-01-16,P960,Product-P960,Home,20.17,4.95,15.22,UPI,Chennai,2023-08-28,30,Male,Medium
O995420,1093,2024-05-01,P686,Product-P686,Grocery,416.68,59.53,357.15,Credit Card,Hyderabad,2023-07-14,62,Female,Low
O254610,1143,2024-01-09,P614,Product-P614,Beauty,352.03,95.1,256.93,Cash,Chennai,2023-07-17,32,Female,Medium
O947732,1221,2024-01-31,P875,Product-P875,Home,491.13,25.47,465.66,Debit Card,Delhi,2023-04-26,21,Male,Low
O962520,1031,2024-02-19,P229,Product-P229,Electronics,8.61,1.09,7.52,UPI,Delhi,2023-05-23,59,Other,Medium
O506951,1249,2024-02-07,P954,Product-P954,Beauty,84.72,6.55,78.17,Credit Card,Mumbai,2023-10-23,57,Male,Low
O112964,1284,2024-04-11,P665,Product-P665,Clothing,528.4,135.79,392.61,Cash,Hyderabad,2023-08-15,55,Male,High
O694116,1211,2024-05-13,P900,Product-P900,Home,253.88,8.57,245.31,Debit Card,Delhi,2023-06-09,49,Male,Medium
O460572,1262,2024-01-26,P208,Product-P208,Beauty,164.05,38.37,125.68,Net Banking,Chennai,2023-08-28,24,Female,Medium
O596025,1009,2024-04-15,P370,Product-P370,Home,244.77,48.08,196.69,Cash,Chennai,2023-12-13,40,Other,Low
O813884,1212,2024-01-10,P276,Product-P276,Clothing,276.87,33.47,243.4,Cash,Chennai,2023-07-24,50,Male,Medium
O151685,1073,2024-04-12,P139,Product-P139,Home,72.51,19.35,53.16,Net Banking,Delhi,2023-08-21,53,Male,Medium
O393964,1004,2024-05-01,P375,Product-P375,Clothing,63.44,0.39,63.05,Net Banking,Bangalore,2023-05-21,60,Other,Medium
O415076,1289,2024-05-05,P978,Product-P978,Electronics,267.42,78.02,189.4,Debit Card,Delhi,2023-10-04,52,Female,Medium
O776913,1287,2024-04-23,P892,Product-P892,Clothing,36.21,2.93,33.28,UPI,Chennai,2023-01-26,52,Other,Low
O896386,1086,2024-01-23,P292,Product-P292,Home,350.45,22.22,328.23,UPI,Hyderabad,2023-11-08,41,Male,High
O168804,1015,2024-05-12,P988,Product-P988,Clothing,91.4,22.51,68.89,Cash,Delhi,2023-01-16,41,Female,Low
O130354,1180,2024-03-20,P826,Product-P826,Beauty,269.21,32.58,236.63,Cash,Chennai,2023-01-01,18,Female,Low
O578621,1287,2024-02-14,P297,Product-P297,Grocery,40.45,10.16,30.29,Debit Card,Mumbai,2023-01-26,52,Other,Low
O516224,1060,2024-01-13,P469,Product-P469,Grocery,309.9,25.47,284.43,UPI,Chennai,2023-10-23,53,Female,Medium
O567773,1281,2024-02-01,P797,Product-P797,Electronics,461.11,33.47,427.64,UPI,Chennai,2023-08-25,28,Male,Medium
O271456,1218,2024-02-15,P991,Product-P991,Home,427.29,75.23,352.06,Net Banking,Bangalore,2023-08-20,49,Male,Medium
O270820,1289,2024-03-07,P866,Product-P866,Electronics,91.03,7.78,83.25,UPI,Mumbai,2023-10-04,52,Female,Medium
O783238,1098,2024-02-24,P977,Product-P977,Grocery,111.71,21.7,90.01,Debit Card,Bangalore,2023-04-23,41,Female,Low
O238741,1296,2024-04-14,P625,Product-P625,Electronics,123.7,32.09,91.61,Credit Card,Hyderabad,2023-09-04,52,Male,High
O847362,1224,2024-02-14,P715,Product-P715,Electronics,138.34,9.29,129.05,Cash,Bangalore,2023-01-11,55,Female,High
O328808,1064,2024-03-11,P533,Product-P533,Home,26.75,6.83,19.92,UPI,Bangalore,2023-01-24,23,Other,High
O207282,1227,2024-04-29,P409,Product-P409,Beauty,17.61,4.35,13.26,UPI,Chennai,2023-04-28,51,Other,Medium
O396408,1265,2024-01-02,P623,Product-P623,Clothing,663.85,111.82,552.03,Cash,Chennai,2023-12-01,19,Other,Medium
O771712,1271,2024-03-17,P800,Product-P800,Electronics,266.43,38.5,227.93,Net Banking,Bangalore,2023-02-25,26,Female,Medium
O257212,1086,2024-03-24,P982,Product-P982,Clothing,185.85,14.56,171.29,Net Banking,Delhi,2023-11-08,41,Male,High
O792616,1096,2024-05-12,P883,Product-P883,Grocery,7.1,1.92,5.18,Cash,Hyderabad,2023-12-19,24,Other,High
O372028,1291,2024-03-22,P797,Product-P797,Grocery,416.47,90.12,326.35,UPI,Bangalore,2023-02-17,46,Male,Medium
O955653,1041,2024-04-17,P514,Product-P514,Home,12.52,2.77,9.75,Cash,Chennai,2023-02-22,26,Male,Medium
O631958,1092,2024-02-18,P451,Product-P451,Grocery,25.08,5.16,19.92,UPI,Bangalore,2023-08-25,32,Female,High
O408054,1145,2024-03-17,P965,Product-P965,Grocery,560.15,141.27,418.88,Cash,Delhi,2023-11-02,59,Other,Medium
O812730,1039,2024-01-25,P582,Product-P582,Grocery,303.21,67.4,235.81,Cash,Delhi,2023-04-21,24,Other,Low
O540897,1015,2024-03-26,P770,Product-P770,Electronics,53.75,3.58,50.17,Debit Card,Bangalore,2023-01-16,41,Female,Low
O593393,1006,2024-03-25,P480,Product-P480,Clothing,509.97,89.59,420.38,UPI,Mumbai,2023-04-25,38,Male,High
O595158,1273,2024-01-14,P987,Product-P987,Beauty,223.43,38.9,184.53,Cash,Mumbai,2023-04-09,52,Male,Low
O412848,1006,2024-02-19,P612,Product-P612,Electronics,234.2,60.95,173.25,UPI,Chennai,2023-04-25,38,Male,High
O529068,1188,2024-04-15,P155,Product-P155,Grocery,340.91,14.05,326.86,Debit Card,Bangalore,2023-05-03,44,Female,Medium
O611265,1201,2024-04-27,P246,Product-P246,Clothing,184.64,47.77,136.87,Debit Card,Mumbai,2023-10-09,56,Male,Medium
O574012,1189,2024-03-26,P746,Product-P746,Grocery,203.97,19.18,184.79,Credit Card,Mumbai,2023-01-30,26,Male,Low
O923353,1025,2024-03-11,P314,Product-P314,Grocery,22.5,3.89,18.61,Debit Card,Hyderabad,2023-12-26,50,Male,High
O549865,1193,2024-01-23,P232,Product-P232,Beauty,19.14,2.49,16.65,UPI,Hyderabad,2023-02-13,61,Female,High
O114760,1210,2024-05-02,P492,Product-P492,Electronics,53.82,0.61,53.21,Debit Card,Bangalore,2023-04-13,54,Male,High
O337256,1130,2024-03-23,P875,Product-P875,Beauty,406.83,23.26,383.57,Credit Card,Delhi,2023-03-12,52,Female,High
O420984,1057,2024-03-29,P419,Product-P419,Grocery,138.23,4.26,133.97,Cash,Chennai,2023-11-18,52,Female,High
O863187,1017,2024-02-12,P166,Product-P166,Electronics,466.63,41.75,424.88,Net Banking,Hyderabad,2023-04-22,39,Male,Medium
O613989,1162,2024-05-13,P710,Product-P710,Beauty,223.86,22.69,201.17,Debit Card,Bangalore,2023-08-21,24,Other,Medium
O339513,1110,2024-04-01,P868,Product-P868,Grocery,112.43,5.56,106.87,UPI,Mumbai,2023-06-11,59,Female,High
O629146,1234,2024-02-27,P844,Product-P844,Grocery,112.61,7.13,105.48,Credit Card,Chennai,2023-01-31,23,Female,Low
O771425,1164,2024-02-13,P226,Product-P226,Clothing,169.42,36.14,133.28,Credit Card,Hyderabad,2023-05-15,45,Female,Low
O794125,1248,2024-03-06,P889,Product-P889,Beauty,78.87,14.74,64.13,Cash,Mumbai,2023-10-20,50,Male,Low
O565897,1125,2024-01-28,P769,Product-P769,Electronics,72.38,1.05,71.33,Credit Card,Hyderabad,2023-08-08,57,Female,Low
O828961,1232,2024-04-07,P226,Product-P226,Beauty,36.61,2.78,33.83,Debit Card,Delhi,2023-12-29,50,Female,Medium
O753050,1168,2024-01-03,P408,Product-P408,Home,400.68,79.53,321.15,Cash,Bangalore,2023-02-24,23,Female,Low
O396439,1262,2024-02-05,P528,Product-P528,Electronics,17.8,2.73,15.07,Cash,Mumbai,2023-08-28,24,Female,Medium
O915749,1217,2024-01-30,P903,Product-P903,Electronics,879.97,131.4,748.57,Cash,Delhi,2023-09-22,43,Male,Low
O409698,1235,2024-03-08,P951,Product-P951,Beauty,47.2,13.78,33.42,Net Banking,Hyderabad,2023-04-28,33,Female,Low
O446663,1176,2024-02-11,P140,Product-P140,Beauty,497.31,74.05,423.26,Debit Card,Hyderabad,2023-07-11,45,Other,Low
O801520,1050,2024-03-01,P102,Product-P102,Electronics,715.44,144.15,571.29,Credit Card,Chennai,2023-08-24,37,Male,High
O368322,1226,2024-05-06,P252,Product-P252,Electronics,33.67,7.87,25.8,Credit Card,Mumbai,2023-10-11,22,Male,Medium
O952679,1183,2024-02-29,P567,Product-P567,Clothing,103.38,8.19,95.19,Credit Card,Mumbai,2023-09-08,58,Female,Low
O546688,1125,2024-02-14,P995,Product-P995,Electronics,46.58,11.91,34.67,Net Banking,Bangalore,2023-08-08,57,Female,Low
O444625,1270,2024-01-30,P197,Product-P197,Electronics,111.14,0.32,110.82,Debit Card,Delhi,2023-06-23,49,Male,Medium
O954551,1121,2024-04-01,P548,Product-P548,Beauty,258.95,20.84,238.11,Credit Card,Bangalore,2023-10-15,41,Male,Low
O976303,1245,2024-03-28,P287,Product-P287,Electronics,41.83,5.03,36.8,UPI,Bangalore,2023-04-20,49,Male,Low
O238948,1090,2024-04-08,P806,Product-P806,Home,165.71,39.77,125.94,Debit Card,Mumbai,2023-05-06,58,Male,Medium
O941235,1218,2024-01-16,P964,Product-P964,Grocery,251.98,7.84,244.14,Cash,Hyderabad,2023-08-20,49,Male,Medium
O130216,1003,2024-04-22,P285,Product-P285,Beauty,220.69,25.14,195.55,Net Banking,Chennai,2023-01-13,32,Male,Low
O148205,1279,2024-02-03,P594,Product-P594,Home,88.91,3.01,85.9,UPI,Hyderabad,2023-04-04,50,Other,Medium
O858931,1064,2024-01-17,P367,Product-P367,Clothing,102.96,0.38,102.58,Cash,Chennai,2023-01-24,23,Other,High
O553873,1203,2024-02-27,P785,Product-P785,Clothing,198.25,30.87,167.38,Cash,Mumbai,2023-05-16,20,Male,Medium
O979789,1017,2024-03-04,P593,Product-P593,Clothing,198.14,39.45,158.69,UPI,Delhi,2023-04-22,39,Male,Medium
O273438,1284,2024-01-14,P111,Product-P111,Grocery,122.45,18.57,103.88,UPI,Hyderabad,2023-08-15,55,Male,High
O152796,1119,2024-01-20,P869,Product-P869,Home,270.65,26.03,244.62,Net Banking,Bangalore,2023-03-13,50,Male,High
O182659,1204,2024-05-09,P328,Product-P328,Beauty,48.9,9.44,39.46,UPI,Delhi,2023-09-28,54,Other,Medium
O431414,1020,2024-04-27,P554,Product-P554,Beauty,188.05,25.28,162.77,UPI,Hyderabad,2023-11-05,61,Other,High
O684194,1145,2024-01-31,P609,Product-P609,Electronics,34.57,1.06,33.51,UPI,Mumbai,2023-11-02,59,Other,Medium
O633030,1036,2024-01-01,P945,Product-P945,Electronics,105.1,24.96,80.14,Cash,Bangalore,2023-06-24,61,Female,Medium
O956255,1186,2024-02-22,P770,Product-P770,Home,26.89,7.67,19.22,Net Banking,Mumbai,2023-07-05,23,Male,Medium
O596116,1069,2024-02-27,P964,Product-P964,Home,18.88,1.88,17.0,Cash,Chennai,2023-04-30,43,Other,Medium
O457938,1267,2024-04-03,P833,Product-P833,Home,560.54,19.17,541.37,Debit Card,Mumbai,2023-02-20,29,Other,Medium
O148001,1113,2024-03-31,P949,Product-P949,Clothing,101.47,16.67,84.8,Net Banking,Mumbai,2023-09-13,45,Female,Medium
O366641,1145,2024-02-12,P604,Product-P604,Grocery,181.36,44.71,136.65,UPI,Mumbai,2023-11-02,59,Other,Medium
O579247,1226,2024-02-20,P292,Product-P292,Electronics,629.12,175.57,453.55,UPI,Delhi,2023-10-11,22,Male,Medium
O764000,1219,2024-02-18,P833,Product-P833,Clothing,134.07,4.33,129.74,UPI,Mumbai,2023-03-03,23,Female,Low
O241176,1292,2024-02-01,P890,Product-P890,Home,20.75,2.85,17.9,Cash,Chennai,2023-05-02,35,Male,Medium
O979562,1254,2024-05-07,P104,Product-P104,Beauty,13.74,3.03,10.71,Cash,Hyderabad,2023-04-08,28,Male,High
O208584,1156,2024-05-03,P620,Product-P620,Grocery,87.15,18.09,69.06,Debit Card,Delhi,2023-11-25,32,Male,High
O503348,1222,2024-04-09,P773,Product-P773,Beauty,26.6,4.84,21.76,Net Banking,Chennai,2023-02-02,28,Male,Medium
O574843,1175,2024-04-17,P723,Product-P723,Grocery,351.97,28.89,323.08,Net Banking,Bangalore,2023-03-20,28,Male,Medium
O984027,1222,2024-02-04,P241,Product-P241,Home,96.82,17.5,79.32,Cash,Bangalore,2023-02-02,28,Male,Medium
O754487,1154,2024-03-21,P828,Product-P828,Beauty,49.92,9.47,40.45,Debit Card,Delhi,2023-10-02,56,Female,High
O628370,1282,2024-03-15,P803,Product-P803,Clothing,175.74,48.57,127.17,Debit Card,Delhi,2023-05-08,25,Male,Low
O711116,1073,2024-03-23,P827,Product-P827,Electronics,117.59,26.84,90.75,Cash,Hyderabad,2023-08-21,53,Male,Medium
O648122,1297,2024-04-16,P790,Product-P790,Beauty,409.94,35.16,374.78,UPI,Mumbai,2023-04-20,33,Male,Low
O379947,1031,2024-01-28,P125,Product-P125,Home,98.24,4.28,93.96,Credit Card,Delhi,2023-05-23,59,Other,Medium
O313910,1017,2024-02-11,P393,Product-P393,Clothing,78.92,3.47,75.45,Credit Card,Bangalore,2023-04-22,39,Male,Medium
O878476,1118,2024-01-09,P467,Product-P467,Home,434.93,13.37,421.56,Cash,Delhi,2023-05-16,51,Male,Low
O500118,1044,2024-04-09,P343,Product-P343,Beauty,80.58,18.96,61.62,Net Banking,Mumbai,2023-02-19,21,Female,Medium
O879794,1073,2024-04-09,P526,Product-P526,Clothing,131.86,38.21,93.65,Credit Card,Mumbai,2023-08-21,53,Male,Medium
O764575,1263,2024-03-05,P307,Product-P307,Beauty,285.61,74.45,211.16,UPI,Delhi,2023-01-28,33,Male,High
O913848,1006,2024-04-04,P873,Product-P873,Beauty,157.18,25.78,131.4,Cash,Delhi,2023-04-25,38,Male,High
O282237,1294,2024-02-19,P401,Product-P401,Home,402.13,21.4,380.73,Credit Card,Delhi,2023-07-28,35,Male,High
O377075,1015,2024-05-11,P222,Product-P222,Home,73.99,0.9,73.09,Net Banking,Chennai,2023-01-16,41,Female,Low
O588983,1234,2024-02-03,P264,Product-P264,Beauty,120.83,30.67,90.16,Credit Card,Bangalore,2023-01-31,23,Female,Low
O911242,1285,2024-02-09,P140,Product-P140,Grocery,243.2,67.75,175.45,Cash,Mumbai,2023-10-09,57,Other,Medium
O650916,1263,2024-03-18,P602,Product-P602,Beauty,197.07,32.53,164.54,Credit Card,Bangalore,2023-01-28,33,Male,High
O536135,1289,2024-02-26,P288,Product-P288,Beauty,45.12,0.92,44.2,Cash,Delhi,2023-10-04,52,Female,Medium
O447148,1218,2024-04-13,P194,Product-P194,Clothing,454.21,30.14,424.07,Debit Card,Bangalore,2023-08-20,49,Male,Medium
O597923,1182,2024-04-02,P400,Product-P400,Grocery,32.34,9.22,23.12,Cash,Chennai,2023-06-15,30,Female,Low
O355671,1122,2024-01-03,P217,Product-P217,Clothing,203.5,27.21,176.29,Cash,Chennai,2023-10-03,54,Other,Medium
O369054,1192,2024-01-11,P798,Product-P798,Clothing,16.46,1.88,14.58,Credit Card,Hyderabad,2023-02-10,59,Female,Low
O941814,1268,2024-03-13,P125,Product-P125,Beauty,652.39,160.9,491.49,Net Banking,Chennai,2023-02-01,22,Male,Low
O638857,1004,2024-05-10,P556,Product-P556,Home,6.24,0.08,6.16,Debit Card,Bangalore,2023-05-21,60,Other,Medium
O107686,1217,2024-01-22,P198,Product-P198,Grocery,176.05,51.32,124.73,Cash,Chennai,2023-09-22,43,Male,Low
O315565,1045,2024-01-17,P315,Product-P315,Grocery,71.83,18.64,53.19,UPI,Mumbai,2023-07-03,42,Male,Low
O581532,1291,2024-04-21,P762,Product-P762,Electronics,352.12,78.9,273.22,Debit Card,Mumbai,2023-02-17,46,Male,Medium
O685193,1169,2024-03-25,P138,Product-P138,Electronics,17.39,0.38,17.01,Debit Card,Bangalore,2023-11-17,45,Other,Low
O573039,1074,2024-01-19,P688,Product-P688,Grocery,23.34,6.38,16.96,UPI,Hyderabad,2023-11-22,31,Male,Medium
O106185,1057,2024-04-13,P543,Product-P543,Clothing,247.52,1.25,246.27,Credit Card,Chennai,2023-11-18,52,Female,High
O627262,1130,2024-01-17,P874,Product-P874,Beauty,180.45,2.46,177.99,Credit Card,Bangalore,2023-03-12,52,Female,High
O499941,1233,2024-01-28,P396,Product-P396,Clothing,579.31,105.42,473.89,Net Banking,Hyderabad,2023-11-20,26,Male,Medium
O243006,1107,2024-04-11,P941,Product-P941,Electronics,55.6,7.91,47.69,Cash,Delhi,2023-02-03,52,Male,Low
O810189,1207,2024-04-10,P915,Product-P915,Beauty,403.71,35.73,367.98,Debit Card,Bangalore,2023-04-19,19,Other,Low
O143802,1202,2024-04-05,P111,Product-P111,Beauty,470.58,123.49,347.09,Debit Card,Mumbai,2023-03-26,19,Male,Medium
O419491,1067,2024-01-02,P686,Product-P686,Beauty,254.74,30.12,224.62,Cash,Mumbai,2023-05-29,46,Female,High
O268772,1259,2024-02-23,P866,Product-P866,Clothing,423.46,26.9,396.56,Cash,Delhi,2023-07-01,47,Male,High
O290167,1244,2024-02-17,P326,Product-P326,Beauty,0.25,0.06,0.19,Debit Card,Mumbai,2023-09-06,37,Female,Low
O404771,1185,2024-01-14,P971,Product-P971,Beauty,142.44,19.71,122.73,Cash,Mumbai,2023-02-27,56,Other,Low
O446922,1277,2024-01-18,P356,Product-P356,Electronics,146.77,8.69,138.08,Cash,Hyderabad,2023-03-13,37,Male,Low
O302897,1095,2024-04-01,P231,Product-P231,Grocery,21.39,0.64,20.75,Cash,Mumbai,2023-11-24,42,Other,Medium
O259797,1120,2024-03-22,P597,Product-P597,Home,121.18,11.94,109.24,Net Banking,Chennai,2023-05-07,40,Male,Medium
O428429,1165,2024-04-03,P927,Product-P927,Clothing,336.62,96.81,239.81,Debit Card,Mumbai,2023-09-14,19,Male,Low
O980919,1106,2024-03-04,P904,Product-P904,Grocery,83.76,17.9,65.86,UPI,Bangalore,2023-05-18,52,Female,Low
O476167,1056,2024-04-02,P237,Product-P237,Clothing,24.96,6.57,18.39,UPI,Hyderabad,2023-05-31,64,Male,Medium
O982683,1230,2024-03-19,P598,Product-P598,Beauty,532.6,17.39,515.21,Cash,Mumbai,2023-01-04,28,Other,Medium
O869177,1253,2024-03-12,P979,Product-P979,Grocery,637.25,170.39,466.86,Debit Card,Bangalore,2023-07-28,18,Male,Medium
O952117,1039,2024-01-20,P844,Product-P844,Electronics,286.1,76.57,209.53,Cash,Mumbai,2023-04-21,24,Other,Low
O373276,1005,2024-04-13,P887,Product-P887,Beauty,319.12,20.37,298.75,Credit Card,Chennai,2023-05-06,25,Other,Medium
O868844,1137,2024-04-30,P769,Product-P769,Grocery,1.54,0.17,1.37,Debit Card,Chennai,2023-11-18,43,Female,Medium
O481540,1139,2024-03-15,P237,Product-P237,Home,81.35,12.23,69.12,Credit Card,Hyderabad,2023-12-15,56,Female,Medium
O893988,1049,2024-05-08,P110,Product-P110,Grocery,333.56,84.86,248.7,Cash,Delhi,2023-01-23,19,Other,Low
O791444,1162,2024-05-11,P243,Product-P243,Home,66.01,3.15,62.86,Cash,Chennai,2023-08-21,24,Other,Medium
O898461,1123,2024-02-07,P853,Product-P853,Home,278.35,78.43,199.92,Credit Card,Delhi,2023-05-15,52,Female,Medium
O801062,1244,2024-05-04,P337,Product-P337,Electronics,186.69,14.81,171.88,Debit Card,Mumbai,2023-09-06,37,Female,Low
O141843,1159,2024-02-22,P630,Product-P630,Clothing,728.32,84.8,643.52,UPI,Mumbai,2023-05-31,53,Male,Medium
O706739,1184,2024-03-23,P205,Product-P205,Beauty,304.34,57.85,246.49,Net Banking,Bangalore,2023-01-10,20,Male,Medium
O363807,1022,2024-02-14,P485,Product-P485,Home,32.6,3.57,29.03,Credit Card,Chennai,2023-10-15,55,Female,Medium
O931161,1106,2024-04-06,P328,Product-P328,Beauty,298.11,36.3,261.81,Net Banking,Hyderabad,2023-05-18,52,Female,Low
O273650,1086,2024-05-03,P718,Product-P718,Electronics,12.54,1.89,10.65,Debit Card,Hyderabad,2023-11-08,41,Male,High
O295984,1299,2024-02-28,P178,Product-P178,Beauty,88.86,17.15,71.71,Debit Card,Delhi,2023-01-31,53,Male,High
O534753,1136,2024-02-10,P470,Product-P470,Beauty,44.66,9.61,35.05,Credit Card,Delhi,2023-03-20,22,Other,Low
O320939,1151,2024-03-25,P837,Product-P837,Electronics,617.65,89.22,528.43,UPI,Hyderabad,2023-12-15,47,Male,Medium
O701344,1026,2024-02-11,P762,Product-P762,Home,84.83,0.57,84.26,Credit Card,Delhi,2023-10-07,29,Other,Medium
O158627,1141,2024-02-11,P237,Product-P237,Beauty,103.06,1.21,101.85,Cash,Delhi,2023-11-02,26,Female,Low
O690982,1124,2024-02-12,P364,Product-P364,Grocery,4.34,0.67,3.67,UPI,Chennai,2023-10-27,61,Male,Medium
O735988,1266,2024-01-05,P999,Product-P999,Clothing,237.05,67.36,169.69,Debit Card,Hyderabad,2023-11-27,18,Male,Low
O249644,1212,2024-04-30,P988,Product-P988,Home,242.15,12.39,229.76,UPI,Chennai,2023-07-24,50,Male,Medium
O725510,1169,2024-02-16,P738,Product-P738,Beauty,506.53,40.2,466.33,Net Banking,Hyderabad,2023-11-17,45,Other,Low
O312177,1248,2024-01-18,P335,Product-P335,Home,279.74,32.35,247.39,Credit Card,Mumbai,2023-10-20,50,Male,Low
O200976,1017,2024-05-13,P980,Product-P980,Beauty,168.04,34.5,133.54,Debit Card,Chennai,2023-04-22,39,Male,Medium
O888930,1252,2024-02-15,P587,Product-P587,Beauty,362.63,65.25,297.38,Cash,Chennai,2023-08-31,57,Female,Medium
O967719,1195,2024-01-31,P195,Product-P195,Home,45.03,8.91,36.12,Cash,Chennai,2023-02-05,32,Female,Low
O831531,1116,2024-01-01,P893,Product-P893,Home,80.36,12.59,67.77,Net Banking,Mumbai,2023-08-23,25,Female,Low
O467544,1216,2024-05-15,P539,Product-P539,Grocery,31.57,8.89,22.68,UPI,Hyderabad,2023-08-13,61,Other,Low
O397026,1037,2024-01-26,P535,Product-P535,Grocery,88.49,6.76,81.73,Debit Card,Mumbai,2023-05-23,20,Male,Low
O647923,1228,2024-04-14,P363,Product-P363,Grocery,107.84,0.18,107.66,Credit Card,Chennai,2023-10-29,23,Female,Medium
O528705,1241,2024-01-31,P632,Product-P632,Electronics,136.96,15.41,121.55,Debit Card,Bangalore,2023-05-02,43,Other,Medium
O373995,1223,2024-04-02,P209,Product-P209,Grocery,165.35,21.14,144.21,Cash,Bangalore,2023-06-23,34,Other,Low
O533301,1164,2024-04-18,P678,Product-P678,Clothing,240.75,44.19,196.56,UPI,Delhi,2023-05-15,45,Female,Low
O421549,1232,2024-05-03,P283,Product-P283,Clothing,13.88,2.33,11.55,UPI,Bangalore,2023-12-29,50,Female,Medium
O568288,1269,2024-03-29,P892,Product-P892,Home,447.96,98.88,349.08,Credit Card,Delhi,2023-07-26,54,Other,Medium
O743852,1260,2024-02-11,P202,Product-P202,Grocery,80.58,12.29,68.29,Net Banking,Chennai,2023-08-05,59,Other,Low
O963245,1241,2024-01-14,P264,Product-P264,Home,449.36,130.03,319.33,Credit Card,Mumbai,2023-05-02,43,Other,Medium
O332542,1239,2024-02-07,P582,Product-P582,Beauty,126.35,16.5,109.85,Credit Card,Bangalore,2023-02-06,53,Other,Medium
O743789,1096,2024-04-04,P181,Product-P181,Beauty,62.31,0.71,61.6,UPI,Hyderabad,2023-12-19,24,Other,High
O560295,1256,2024-05-13,P393,Product-P393,Beauty,739.95,12.76,727.19,Debit Card,Hyderabad,2023-02-19,42,Male,Medium
O635348,1033,2024-01-03,P306,Product-P306,Beauty,87.84,7.54,80.3,Credit Card,Chennai,2023-03-23,33,Male,Low
O350878,1175,2024-05-12,P815,Product-P815,Grocery,110.2,20.34,89.86,Credit Card,Bangalore,2023-03-20,28,Male,Medium
O802191,1113,2024-01-01,P261,Product-P261,Electronics,138.26,41.35,96.91,UPI,Bangalore,2023-09-13,45,Female,Medium
O194545,1130,2024-04-11,P515,Product-P515,Beauty,29.8,1.79,28.01,Credit Card,Mumbai,2023-03-12,52,Female,High
O955129,1117,2024-03-13,P843,Product-P843,Beauty,51.76,14.21,37.55,Net Banking,Bangalore,2023-03-15,29,Other,Medium
O702833,1134,2024-03-11,P331,Product-P331,Beauty,116.71,33.72,82.99,UPI,Hyderabad,2023-01-25,20,Male,Medium
O175902,1080,2024-01-02,P367,Product-P367,Grocery,97.85,11.95,85.9,Credit Card,Chennai,2023-12-10,57,Female,Medium
O664032,1138,2024-05-08,P401,Product-P401,Clothing,40.8,11.59,29.21,Cash,Bangalore,2023-03-23,31,Other,Medium
O907369,1147,2024-03-05,P810,Product-P810,Home,26.17,7.58,18.59,Cash,Hyderabad,2023-09-28,49,Male,High
O715332,1236,2024-03-03,P875,Product-P875,Clothing,176.14,50.79,125.35,UPI,Hyderabad,2023-02-04,46,Female,Medium
O809794,1091,2024-01-08,P593,Product-P593,Electronics,110.95,8.58,102.37,UPI,Delhi,2023-03-25,46,Male,High
O661671,1001,2024-02-28,P919,Product-P919,Clothing,57.0,7.05,49.95,Net Banking,Chennai,2023-11-24,56,Male,Low
O806423,1064,2024-01-03,P817,Product-P817,Clothing,276.26,20.58,255.68,Credit Card,Hyderabad,2023-01-24,23,Other,High
O470711,1058,2024-03-28,P177,Product-P177,Beauty,525.78,146.91,378.87,UPI,Bangalore,2023-11-13,31,Other,Medium
O872918,1234,2024-02-25,P687,Product-P687,Clothing,497.23,27.27,469.96,Debit Card,Hyderabad,2023-01-31,23,Female,Low
O312616,1183,2024-02-21,P340,Product-P340,Grocery,88.98,23.3,65.68,Debit Card,Delhi,2023-09-08,58,Female,Low
O182300,1090,2024-03-04,P956,Product-P956,Beauty,138.26,14.77,123.49,Credit Card,Mumbai,2023-05-06,58,Male,Medium
O989203,1110,2024-05-06,P728,Product-P728,Electronics,97.02,22.24,74.78,Cash,Mumbai,2023-06-11,59,Female,High
O614646,1109,2024-05-03,P480,Product-P480,Beauty,67.27,6.37,60.9,Cash,Bangalore,2023-10-18,22,Female,High
O234475,1055,2024-02-16,P882,Product-P882,Beauty,130.72,10.99,119.73,Debit Card,Chennai,2023-10-10,25,Female,Low
O626883,1034,2024-01-14,P638,Product-P638,Home,112.57,16.15,96.42,Cash,Mumbai,2023-12-24,32,Female,Medium
O582418,1282,2024-03-29,P503,Product-P503,Grocery,125.9,17.27,108.63,Credit Card,Chennai,2023-05-08,25,Male,Low
O709231,1126,2024-03-21,P805,Product-P805,Electronics,107.8,0.38,107.42,Debit Card,Hyderabad,2023-10-26,39,Other,Medium
O675210,1099,2024-01-26,P433,Product-P433,Clothing,356.2,65.48,290.72,Net Banking,Delhi,2023-12-17,18,Other,Medium
O483699,1118,2024-03-08,P342,Product-P342,Clothing,53.62,7.58,46.04,Cash,Bangalore,2023-05-16,51,Male,Low
O995825,1175,2024-02-17,P610,Product-P610,Home,115.53,7.3,108.23,Net Banking,Bangalore,2023-03-20,28,Male,Medium
O819335,1197,2024-04-12,P386,Product-P386,Home,277.25,14.96,262.29,Debit Card,Chennai,2023-03-06,49,Female,High
O553214,1070,2024-02-28,P933,Product-P933,Electronics,565.06,122.19,442.87,Debit Card,Chennai,2023-02-21,61,Female,Medium
O944804,1174,2024-04-07,P300,Product-P300,Grocery,25.28,6.07,19.21,Debit Card,Hyderabad,2023-04-12,47,Female,Medium
O855562,1143,2024-01-03,P280,Product-P280,Home,87.6,13.13,74.47,Cash,Chennai,2023-07-17,32,Female,Medium
O150026,1256,2024-03-21,P904,Product-P904,Home,94.56,8.51,86.05,Cash,Chennai,2023-02-19,42,Male,Medium
O979725,1162,2024-04-11,P201,Product-P201,Grocery,69.31,1.25,68.06,Net Banking,Hyderabad,2023-08-21,24,Other,Medium
O684572,1027,2024-01-25,P560,Product-P560,Clothing,67.24,5.24,62.0,Net Banking,Chennai,2023-08-03,39,Male,Medium
O308622,1117,2024-03-06,P452,Product-P452,Electronics,100.1,12.37,87.73,Net Banking,Chennai,2023-03-15,29,Other,Medium
O912378,1015,2024-02-14,P899,Product-P899,Clothing,36.07,3.84,32.23,Cash,Hyderabad,2023-01-16,41,Female,Low
O275715,1286,2024-04-24,P180,Product-P180,Home,85.16,15.68,69.48,UPI,Delhi,2023-02-20,37,Female,High
O269868,1091,2024-03-27,P531,Product-P531,Beauty,184.3,31.61,152.69,Credit Card,Mumbai,2023-03-25,46,Male,High
O734792,1283,2024-03-28,P333,Product-P333,Clothing,423.47,40.26,383.21,Net Banking,Bangalore,2023-02-08,53,Other,Low
O646240,1034,2024-04-11,P377,Product-P377,Home,272.38,63.82,208.56,Net Banking,Chennai,2023-12-24,32,Female,Medium
O863124,1111,2024-04-25,P523,Product-P523,Grocery,161.11,8.89,152.22,Credit Card,Delhi,2023-04-19,56,Female,High
O275018,1059,2024-03-01,P777,Product-P777,Clothing,265.63,74.94,190.69,Credit Card,Delhi,2023-07-05,34,Female,Medium
O156440,1230,2024-04-11,P205,Product-P205,Electronics,139.23,2.66,136.57,UPI,Chennai,2023-01-04,28,Other,Medium
O375201,1058,2024-01-07,P889,Product-P889,Home,45.14,7.1,38.04,Credit Card,Mumbai,2023-11-13,31,Other,Medium
O564687,1001,2024-02-09,P186,Product-P186,Home,186.44,17.3,169.14,Debit Card,Bangalore,2023-11-24,56,Male,Low
O795781,1102,2024-02-02,P234,Product-P234,Beauty,355.86,89.52,266.34,Credit Card,Mumbai,2023-04-28,41,Other,High
O385647,1033,2024-04-01,P981,Product-P981,Clothing,170.74,44.27,126.47,UPI,Chennai,2023-03-23,33,Male,Low
O761701,1005,2024-04-23,P238,Product-P238,Beauty,69.94,3.71,66.23,Cash,Hyderabad,2023-05-06,25,Other,Medium
O665883,1132,2024-04-21,P636,Product-P636,Beauty,637.95,59.26,578.69,Net Banking,Hyderabad,2023-09-10,64,Female,Medium
O372427,1043,2024-02-28,P924,Product-P924,Electronics,296.61,39.32,257.29,Net Banking,Hyderabad,2023-07-14,35,Male,High
O400692,1060,2024-02-09,P410,Product-P410,Electronics,26.91,0.0,26.91,Debit Card,Bangalore,2023-10-23,53,Female,Medium
O414164,1276,2024-04-30,P647,Product-P647,Electronics,281.83,58.15,223.68,UPI,Hyderabad,2023-08-18,20,Female,Medium
O935471,1186,2024-01-03,P884,Product-P884,Home,211.5,50.63,160.87,Cash,Delhi,2023-07-05,23,Male,Medium
O513927,1166,2024-01-02,P661,Product-P661,Clothing,100.02,5.66,94.36,Cash,Hyderabad,2023-04-02,59,Other,Low
O183057,1107,2024-03-04,P267,Product-P267,Home,144.48,35.91,108.57,Debit Card,Bangalore,2023-02-03,52,Male,Low
O398505,1250,2024-04-18,P740,Product-P740,Grocery,268.33,41.59,226.74,Cash,Bangalore,2023-08-31,56,Male,High
O403662,1263,2024-03-09,P522,Product-P522,Grocery,266.3,68.18,198.12,Debit Card,Delhi,2023-01-28,33,Male,High
O615895,1255,2024-01-29,P752,Product-P752,Home,19.33,3.58,15.75,Net Banking,Chennai,2023-02-18,45,Other,Low
O294969,1255,2024-02-18,P428,Product-P428,Electronics,19.96,0.91,19.05,Cash,Mumbai,2023-02-18,45,Other,Low
O344119,1203,2024-01-27,P388,Product-P388,Clothing,17.41,0.65,16.76,UPI,Mumbai,2023-05-16,20,Male,Medium
O426711,1004,2024-01-24,P254,Product-P254,Electronics,7.39,1.09,6.3,Net Banking,Hyderabad,2023-05-21,60,Other,Medium
O184120,1142,2024-05-07,P480,Product-P480,Home,219.79,45.95,173.84,Credit Card,Bangalore,2023-02-02,32,Male,Low
O592984,1229,2024-02-07,P157,Product-P157,Clothing,140.77,32.76,108.01,Credit Card,Chennai,2023-04-23,39,Other,Low
O905459,1237,2024-02-16,P296,Product-P296,Clothing,301.86,74.01,227.85,Credit Card,Mumbai,2023-01-17,20,Female,Medium
O583220,1206,2024-03-04,P494,Product-P494,Home,261.54,19.39,242.15,Credit Card,Delhi,2023-08-05,19,Male,Medium
O266316,1234,2024-01-25,P633,Product-P633,Grocery,50.11,7.11,43.0,Net Banking,Bangalore,2023-01-31,23,Female,Low
O769536,1276,2024-01-11,P862,Product-P862,Beauty,172.31,26.93,145.38,Net Banking,Hyderabad,2023-08-18,20,Female,Medium
O347428,1079,2024-03-17,P303,Product-P303,Clothing,105.81,28.17,77.64,Debit Card,Mumbai,2023-04-18,40,Male,Medium
O225461,1117,2024-04-21,P432,Product-P432,Electronics,504.55,25.33,479.22,Net Banking,Chennai,2023-03-15,29,Other,Medium
O921533,1281,2024-04-11,P908,Product-P908,Grocery,123.73,0.33,123.4,Credit Card,Chennai,2023-08-25,28,Male,Medium
O265358,1086,2024-05-01,P804,Product-P804,Beauty,458.28,21.31,436.97,Credit Card,Delhi,2023-11-08,41,Male,High
O472787,1178,2024-05-07,P193,Product-P193,Beauty,117.73,11.95,105.78,Credit Card,Mumbai,2023-10-04,56,Female,Low
O343977,1099,2024-02-09,P818,Product-P818,Beauty,460.72,109.39,351.33,Debit Card,Hyderabad,2023-12-17,18,Other,Medium
O122390,1232,2024-03-22,P671,Product-P671,Clothing,245.76,59.39,186.37,UPI,Delhi,2023-12-29,50,Female,Medium
O840951,1032,2024-04-06,P466,Product-P466,Grocery,163.97,12.33,151.64,Credit Card,Hyderabad,2023-01-04,45,Male,High
O694229,1069,2024-04-22,P672,Product-P672,Clothing,251.1,40.88,210.22,UPI,Delhi,2023-04-30,43,Other,Medium
O971733,1235,2024-02-17,P656,Product-P656,Clothing,521.67,50.66,471.01,UPI,Bangalore,2023-04-28,33,Female,Low
O667915,1151,2024-02-11,P170,Product-P170,Beauty,175.3,8.15,167.15,Net Banking,Bangalore,2023-12-15,47,Male,Medium
O869295,1180,2024-04-03,P564,Product-P564,Electronics,32.05,7.46,24.59,Cash,Hyderabad,2023-01-01,18,Female,Low
O436272,1170,2024-02-17,P119,Product-P119,Beauty,209.02,53.73,155.29,Cash,Delhi,2023-06-02,45,Male,Medium
O816412,1267,2024-01-17,P774,Product-P774,Beauty,625.52,153.7,471.82,Debit Card,Chennai,2023-02-20,29,Other,Medium
O529711,1042,2024-05-07,P884,Product-P884,Beauty,124.06,5.74,118.32,Net Banking,Bangalore,2023-02-17,56,Male,Medium
O975763,1238,2024-03-23,P213,Product-P213,Electronics,72.62,11.4,61.22,Credit Card,Mumbai,2023-06-19,37,Female,Medium
O203550,1099,2024-02-03,P282,Product-P282,Electronics,194.78,11.81,182.97,UPI,Delhi,2023-12-17,18,Other,Medium
O835381,1205,2024-01-09,P684,Product-P684,Home,129.52,25.56,103.96,Cash,Chennai,2023-11-07,34,Female,Medium
O318877,1207,2024-03-06,P150,Product-P150,Clothing,29.44,1.95,27.49,Credit Card,Mumbai,2023-04-19,19,Other,Low
O685126,1149,2024-05-05,P952,Product-P952,Electronics,38.86,5.46,33.4,Credit Card,Bangalore,2023-10-11,49,Female,Medium
O378727,1191,2024-04-16,P941,Product-P941,Clothing,295.52,70.41,225.11,Credit Card,Chennai,2023-10-18,50,Female,Medium
O644719,1155,2024-05-15,P141,Product-P141,Electronics,187.77,47.01,140.76,Credit Card,Delhi,2023-05-17,62,Female,Low
O651752,1241,2024-01-25,P203,Product-P203,Grocery,128.58,20.51,108.07,Debit Card,Delhi,2023-05-02,43,Other,Medium
O882351,1175,2024-03-04,P683,Product-P683,Grocery,496.42,83.16,413.26,Cash,Hyderabad,2023-03-20,28,Male,Medium
O209159,1109,2024-01-28,P884,Product-P884,Beauty,13.72,1.47,12.25,UPI,Hyderabad,2023-10-18,22,Female,High
O789472,1287,2024-02-12,P911,Product-P911,Grocery,468.22,77.25,390.97,Cash,Bangalore,2023-01-26,52,Other,Low
O676802,1155,2024-02-10,P646,Product-P646,Beauty,57.44,7.63,49.81,Net Banking,Bangalore,2023-05-17,62,Female,Low
O737967,1285,2024-03-24,P965,Product-P965,Clothing,968.95,119.86,849.09,UPI,Bangalore,2023-10-09,57,Other,Medium
O477496,1191,2024-03-02,P676,Product-P676,Beauty,267.1,17.14,249.96,Cash,Bangalore,2023-10-18,50,Female,Medium
O724702,1180,2024-04-25,P558,Product-P558,Home,90.61,0.01,90.6,Credit Card,Bangalore,2023-01-01,18,Female,Low
O414922,1121,2024-01-05,P630,Product-P630,Grocery,387.8,115.57,272.23,Net Banking,Mumbai,2023-10-15,41,Male,Low
O636107,1209,2024-02-26,P319,Product-P319,Clothing,482.25,3.14,479.11,Net Banking,Chennai,2023-12-20,40,Other,Medium
O377860,1101,2024-02-09,P196,Product-P196,Electronics,180.29,24.9,155.39,Debit Card,Delhi,2023-01-29,25,Female,High
O698199,1250,2024-04-03,P696,Product-P696,Grocery,742.74,51.92,690.82,Net Banking,Mumbai,2023-08-31,56,Male,High
O281301,1293,2024-04-12,P682,Product-P682,Grocery,284.04,62.57,221.47,Net Banking,Hyderabad,2023-03-27,63,Other,Medium
O773452,1017,2024-05-04,P945,Product-P945,Beauty,488.27,120.04,368.23,Credit Card,Chennai,2023-04-22,39,Male,Medium
O464831,1005,2024-03-17,P138,Product-P138,Beauty,97.31,11.14,86.17,Credit Card,Bangalore,2023-05-06,25,Other,Medium
O111989,1113,2024-04-21,P526,Product-P526,Electronics,173.26,45.21,128.05,Debit Card,Chennai,2023-09-13,45,Female,Medium
O692354,1286,2024-04-07,P155,Product-P155,Clothing,27.11,4.26,22.85,Net Banking,Chennai,2023-02-20,37,Female,High
O806357,1206,2024-02-08,P434,Product-P434,Beauty,416.14,87.11,329.03,Debit Card,Mumbai,2023-08-05,19,Male,Medium
O552917,1132,2024-04-10,P556,Product-P556,Beauty,146.96,25.36,121.6,Credit Card,Delhi,2023-09-10,64,Female,Medium
O598969,1199,2024-03-15,P905,Product-P905,Home,35.58,1.58,34.0,Net Banking,Mumbai,2023-12-04,58,Other,Low
O555596,1251,2024-01-13,P661,Product-P661,Home,477.31,37.6,439.71,UPI,Chennai,2023-05-05,35,Male,Low
O514521,1245,2024-02-03,P880,Product-P880,Grocery,300.28,43.32,256.96,Debit Card,Hyderabad,2023-04-20,49,Male,Low
O354085,1042,2024-02-20,P674,Product-P674,Beauty,726.44,217.3,509.14,Cash,Delhi,2023-02-17,56,Male,Medium
O217996,1287,2024-01-19,P372,Product-P372,Home,427.4,41.47,385.93,Cash,Mumbai,2023-01-26,52,Other,Low
O722725,1243,2024-04-15,P533,Product-P533,Clothing,224.93,23.5,201.43,Net Banking,Bangalore,2023-12-09,36,Male,Low
O961493,1066,2024-01-07,P888,Product-P888,Clothing,166.97,8.48,158.49,Net Banking,Chennai,2023-04-27,21,Other,Low
O818651,1147,2024-04-23,P738,Product-P738,Grocery,9.3,1.23,8.07,Debit Card,Delhi,2023-09-28,49,Male,High
O751168,1178,2024-04-05,P259,Product-P259,Electronics,290.25,9.78,280.47,Credit Card,Delhi,2023-10-04,56,Female,Low
O571923,1205,2024-02-07,P989,Product-P989,Clothing,45.27,0.19,45.08,Credit Card,Bangalore,2023-11-07,34,Female,Medium
O313701,1240,2024-04-30,P123,Product-P123,Clothing,292.68,18.35,274.33,Cash,Delhi,2023-09-21,36,Male,High
O828834,1198,2024-05-13,P868,Product-P868,Clothing,368.33,60.64,307.69,Cash,Delhi,2023-03-07,41,Female,Medium
O367865,1112,2024-01-05,P485,Product-P485,Beauty,1671.73,454.4,1217.33,Cash,Mumbai,2023-12-02,58,Male,Medium
O155663,1199,2024-02-13,P161,Product-P161,Clothing,521.97,31.43,490.54,Cash,Bangalore,2023-12-04,58,Other,Low
O213132,1010,2024-04-29,P770,Product-P770,Electronics,173.09,3.46,169.63,Net Banking,Bangalore,2023-10-07,28,Female,Medium
O844162,1245,2024-01-05,P399,Product-P399,Home,226.18,15.69,210.49,UPI,Chennai,2023-04-20,49,Male,Low
O295472,1167,2024-01-26,P423,Product-P423,Home,308.23,80.15,228.08,Cash,Mumbai,2023-09-17,62,Other,Low
O359409,1133,2024-02-20,P612,Product-P612,Home,4.74,0.8,3.94,Credit Card,Mumbai,2023-02-16,31,Other,High
O463625,1073,2024-05-15,P412,Product-P412,Clothing,466.57,68.58,397.99,Debit Card,Mumbai,2023-08-21,53,Male,Medium
O951331,1058,2024-03-31,P463,Product-P463,Clothing,31.02,2.2,28.82,Cash,Bangalore,2023-11-13,31,Other,Medium
O393804,1240,2024-01-16,P740,Product-P740,Clothing,101.52,26.76,74.76,Credit Card,Chennai,2023-09-21,36,Male,High
O865344,1300,2024-02-27,P255,Product-P255,Clothing,361.71,97.36,264.35,Debit Card,Mumbai,2023-03-26,50,Other,Low
O352036,1031,2024-04-07,P633,Product-P633,Beauty,98.24,25.72,72.52,Debit Card,Hyderabad,2023-05-23,59,Other,Medium
O668573,1241,2024-02-09,P536,Product-P536,Clothing,431.03,117.64,313.39,Net Banking,Hyderabad,2023-05-02,43,Other,Medium
O424008,1113,2024-02-03,P311,Product-P311,Grocery,83.33,14.53,68.8,Debit Card,Delhi,2023-09-13,45,Female,Medium
O265725,1216,2024-05-14,P238,Product-P238,Home,55.05,16.44,38.61,Debit Card,Chennai,2023-08-13,61,Other,Low
O433025,1260,2024-03-22,P169,Product-P169,Beauty,211.97,33.89,178.08,Credit Card,Delhi,2023-08-05,59,Other,Low
O418083,1060,2024-02-07,P844,Product-P844,Electronics,430.43,98.84,331.59,UPI,Hyderabad,2023-10-23,53,Female,Medium
O237935,1070,2024-04-23,P863,Product-P863,Clothing,176.16,8.03,168.13,Debit Card,Mumbai,2023-02-21,61,Female,Medium
O742108,1096,2024-02-17,P126,Product-P126,Beauty,367.3,67.98,299.32,Cash,Chennai,2023-12-19,24,Other,High
O183336,1271,2024-02-29,P710,Product-P710,Grocery,51.24,3.55,47.69,Credit Card,Bangalore,2023-02-25,26,Female,Medium
O292913,1272,2024-05-02,P237,Product-P237,Beauty,13.94,3.54,10.4,UPI,Bangalore,2023-05-08,58,Male,Low
O133795,1011,2024-04-09,P603,Product-P603,Home,417.7,17.23,400.47,Debit Card,Delhi,2023-02-14,28,Other,Medium
O878427,1283,2024-04-14,P882,Product-P882,Electronics,549.06,152.44,396.62,UPI,Delhi,2023-02-08,53,Other,Low
O613742,1262,2024-02-21,P875,Product-P875,Grocery,164.38,3.26,161.12,UPI,Chennai,2023-08-28,24,Female,Medium
O913920,1154,2024-03-24,P987,Product-P987,Home,382.06,101.73,280.33,UPI,Hyderabad,2023-10-02,56,Female,High
O878533,1021,2024-01-11,P722,Product-P722,Home,372.43,80.47,291.96,UPI,Chennai,2023-01-14,47,Other,Medium
O967182,1106,2024-05-14,P756,Product-P756,Electronics,320.38,50.04,270.34,UPI,Hyderabad,2023-05-18,52,Female,Low
O684791,1104,2024-01-11,P998,Product-P998,Grocery,28.56,4.44,24.12,UPI,Mumbai,2023-06-11,34,Female,Medium
O419348,1181,2024-04-09,P628,Product-P628,Electronics,53.32,3.04,50.28,UPI,Hyderabad,2023-11-03,44,Male,Low
O823468,1255,2024-03-14,P572,Product-P572,Grocery,210.88,26.73,184.15,Cash,Mumbai,2023-02-18,45,Other,Low
O857750,1287,2024-05-12,P245,Product-P245,Home,603.89,150.35,453.54,UPI,Mumbai,2023-01-26,52,Other,Low
O512160,1139,2024-05-08,P215,Product-P215,Grocery,200.33,46.8,153.53,Cash,Delhi,2023-12-15,56,Female,Medium
O847251,1072,2024-04-15,P431,Product-P431,Home,21.15,0.16,20.99,UPI,Chennai,2023-05-23,27,Female,Low
O195620,1247,2024-02-21,P565,Product-P565,Electronics,302.98,22.73,280.25,Debit Card,Mumbai,2023-03-09,58,Male,Low
O841635,1131,2024-01-30,P823,Product-P823,Home,309.5,58.87,250.63,Credit Card,Chennai,2023-09-18,54,Female,Medium
O677079,1092,2024-04-08,P844,Product-P844,Beauty,364.61,66.95,297.66,Debit Card,Hyderabad,2023-08-25,32,Female,High
O269999,1006,2024-04-07,P144,Product-P144,Grocery,72.57,19.86,52.71,Cash,Delhi,2023-04-25,38,Male,High
O402808,1142,2024-02-07,P283,Product-P283,Electronics,335.09,42.18,292.91,Net Banking,Hyderabad,2023-02-02,32,Male,Low
O902575,1214,2024-02-16,P220,Product-P220,Grocery,59.0,17.0,42.0,Credit Card,Chennai,2023-11-29,36,Other,Medium
O946677,1044,2024-03-05,P112,Product-P112,Home,293.89,43.87,250.02,UPI,Chennai,2023-02-19,21,Female,Medium
O575779,1070,2024-01-02,P722,Product-P722,Home,10.92,0.78,10.14,Cash,Hyderabad,2023-02-21,61,Female,Medium
O673929,1085,2024-04-14,P552,Product-P552,Electronics,59.23,10.68,48.55,Credit Card,Delhi,2023-02-06,64,Male,High
O293818,1217,2024-03-12,P734,Product-P734,Beauty,259.8,63.92,195.88,Debit Card,Mumbai,2023-09-22,43,Male,Low
O978721,1077,2024-02-07,P156,Product-P156,Clothing,9.32,0.1,9.22,Credit Card,Chennai,2023-07-09,25,Female,High
O269172,1174,2024-03-17,P439,Product-P439,Electronics,332.97,4.9,328.07,UPI,Delhi,2023-04-12,47,Female,Medium
O577456,1124,2024-03-13,P725,Product-P725,Beauty,77.98,13.39,64.59,Cash,Delhi,2023-10-27,61,Male,Medium
O497346,1163,2024-04-02,P136,Product-P136,Electronics,343.81,79.27,264.54,Net Banking,Bangalore,2023-01-02,39,Male,Medium
O593687,1105,2024-01-18,P876,Product-P876,Home,85.7,21.68,64.02,Credit Card,Bangalore,2023-07-25,25,Other,Medium
O320038,1059,2024-02-04,P224,Product-P224,Clothing,29.86,2.95,26.91,UPI,Chennai,2023-07-05,34,Female,Medium
O607157,1200,2024-02-23,P726,Product-P726,Electronics,276.73,9.07,267.66,Cash,Mumbai,2023-09-01,29,Female,Low
O703080,1261,2024-03-14,P537,Product-P537,Beauty,5.84,1.49,4.35,Net Banking,Chennai,2023-07-30,52,Other,Low
O616428,1192,2024-03-31,P232,Product-P232,Beauty,340.53,57.48,283.05,Cash,Hyderabad,2023-02-10,59,Female,Low
O223949,1010,2024-02-16,P724,Product-P724,Grocery,115.83,24.62,91.21,Debit Card,Mumbai,2023-10-07,28,Female,Medium
O534773,1285,2024-01-07,P576,Product-P576,Electronics,247.22,54.7,192.52,Debit Card,Chennai,2023-10-09,57,Other,Medium
O771736,1263,2024-04-15,P146,Product-P146,Clothing,130.8,13.72,117.08,Debit Card,Mumbai,2023-01-28,33,Male,High
O414870,1058,2024-02-21,P806,Product-P806,Clothing,546.83,41.74,505.09,Credit Card,Bangalore,2023-11-13,31,Other,Medium
O457943,1146,2024-05-09,P663,Product-P663,Clothing,32.93,7.58,25.35,Credit Card,Bangalore,2023-08-28,30,Male,Medium
O303440,1219,2024-04-11,P841,Product-P841,Beauty,8.7,1.61,7.09,Credit Card,Delhi,2023-03-03,23,Female,Low
O935981,1191,2024-03-25,P953,Product-P953,Clothing,194.33,53.77,140.56,UPI,Hyderabad,2023-10-18,50,Female,Medium
O451387,1148,2024-01-10,P761,Product-P761,Grocery,279.55,40.38,239.17,UPI,Chennai,2023-05-09,56,Male,Medium
O413884,1291,2024-04-28,P902,Product-P902,Home,82.14,22.86,59.28,Credit Card,Chennai,2023-02-17,46,Male,Medium
O938373,1027,2024-03-21,P668,Product-P668,Beauty,100.36,0.56,99.8,Cash,Bangalore,2023-08-03,39,Male,Medium
O493468,1040,2024-03-31,P167,Product-P167,Grocery,92.7,7.8,84.9,Credit Card,Bangalore,2023-06-22,38,Male,Medium
O920347,1198,2024-02-12,P684,Product-P684,Beauty,71.63,8.37,63.26,Cash,Mumbai,2023-03-07,41,Female,Medium
O191014,1292,2024-03-19,P822,Product-P822,Clothing,88.85,18.92,69.93,Net Banking,Hyderabad,2023-05-02,35,Male,Medium
O650607,1226,2024-05-07,P998,Product-P998,Grocery,596.09,66.45,529.64,Net Banking,Delhi,2023-10-11,22,Male,Medium
O197102,1281,2024-03-18,P279,Product-P279,Electronics,55.36,6.21,49.15,Credit Card,Delhi,2023-08-25,28,Male,Medium
O299451,1297,2024-04-23,P618,Product-P618,Electronics,226.33,54.25,172.08,Cash,Delhi,2023-04-20,33,Male,Low
O906859,1165,2024-03-28,P595,Product-P595,Beauty,109.08,10.16,98.92,Net Banking,Delhi,2023-09-14,19,Male,Low
O859767,1041,2024-01-26,P941,Product-P941,Beauty,37.46,7.6,29.86,Debit Card,Delhi,2023-02-22,26,Male,Medium
O104309,1059,2024-01-10,P570,Product-P570,Home,131.14,28.08,103.06,Cash,Mumbai,2023-07-05,34,Female,Medium
O148381,1273,2024-03-20,P145,Product-P145,Beauty,106.55,27.87,78.68,Net Banking,Hyderabad,2023-04-09,52,Male,Low
O436467,1219,2024-01-27,P633,Product-P633,Clothing,169.14,1.14,168.0,Net Banking,Delhi,2023-03-03,23,Female,Low
O803724,1040,2024-02-21,P297,Product-P297,Clothing,167.58,13.91,153.67,Net Banking,Hyderabad,2023-06-22,38,Male,Medium
O753205,1275,2024-01-31,P379,Product-P379,Grocery,199.85,9.44,190.41,Credit Card,Mumbai,2023-10-02,33,Male,Low
O384218,1273,2024-05-11,P204,Product-P204,Grocery,376.39,61.26,315.13,Cash,Bangalore,2023-04-09,52,Male,Low
O426503,1133,2024-02-06,P821,Product-P821,Clothing,197.02,33.93,163.09,Debit Card,Mumbai,2023-02-16,31,Other,High
O808308,1220,2024-03-27,P653,Product-P653,Home,440.0,6.7,433.3,Credit Card,Hyderabad,2023-05-07,49,Other,Medium
O287677,1024,2024-01-13,P208,Product-P208,Home,1.56,0.03,1.53,UPI,Hyderabad,2023-11-29,38,Female,High
O182361,1283,2024-04-24,P731,Product-P731,Clothing,612.82,57.44,555.38,Debit Card,Chennai,2023-02-08,53,Other,Low
O577714,1132,2024-04-29,P681,Product-P681,Grocery,91.59,2.55,89.04,UPI,Mumbai,2023-09-10,64,Female,Medium
O746910,1167,2024-03-20,P800,Product-P800,Home,125.32,17.69,107.63,Debit Card,Delhi,2023-09-17,62,Other,Low
O575301,1239,2024-03-07,P472,Product-P472,Home,976.14,53.69,922.45,Net Banking,Bangalore,2023-02-06,53,Other,Medium
O583646,1053,2024-05-04,P130,Product-P130,Electronics,77.48,11.05,66.43,Net Banking,Hyderabad,2023-07-13,24,Male,Medium
O207932,1116,2024-02-13,P389,Product-P389,Clothing,115.1,20.87,94.23,Debit Card,Chennai,2023-08-23,25,Female,Low
O658624,1017,2024-04-13,P937,Product-P937,Electronics,65.98,6.45,59.53,Credit Card,Bangalore,2023-04-22,39,Male,Medium
O674566,1119,2024-04-28,P510,Product-P510,Beauty,53.54,6.64,46.9,Cash,Delhi,2023-03-13,50,Male,High
O552091,1155,2024-02-10,P593,Product-P593,Home,88.51,1.75,86.76,Debit Card,Chennai,2023-05-17,62,Female,Low
O794799,1128,2024-04-21,P680,Product-P680,Clothing,40.05,6.54,33.51,Debit Card,Delhi,2023-07-05,52,Other,Medium
O725030,1233,2024-01-20,P857,Product-P857,Beauty,378.34,94.97,283.37,Credit Card,Chennai,2023-11-20,26,Male,Medium
O422998,1299,2024-04-28,P433,Product-P433,Beauty,38.58,1.13,37.45,UPI,Delhi,2023-01-31,53,Male,High
O443312,1153,2024-04-13,P171,Product-P171,Beauty,457.3,14.92,442.38,Cash,Hyderabad,2023-12-16,40,Female,High
O891662,1184,2024-05-06,P760,Product-P760,Electronics,442.68,12.02,430.66,Debit Card,Chennai,2023-01-10,20,Male,Medium
O405663,1145,2024-01-01,P875,Product-P875,Grocery,284.41,56.39,228.02,UPI,Chennai,2023-11-02,59,Other,Medium
O414295,1239,2024-04-09,P730,Product-P730,Beauty,68.88,9.24,59.64,Debit Card,Bangalore,2023-02-06,53,Other,Medium
O741194,1180,2024-03-18,P545,Product-P545,Clothing,166.74,49.54,117.2,Cash,Mumbai,2023-01-01,18,Female,Low
O675547,1146,2024-05-10,P513,Product-P513,Grocery,440.34,112.62,327.72,Credit Card,Bangalore,2023-08-28,30,Male,Medium
O395917,1187,2024-01-14,P100,Product-P100,Beauty,73.24,18.03,55.21,Net Banking,Mumbai,2023-06-07,25,Female,Medium
O846348,1293,2024-01-08,P340,Product-P340,Home,315.07,66.37,248.7,UPI,Bangalore,2023-03-27,63,Other,Medium
O597938,1052,2024-04-07,P515,Product-P515,Home,45.13,5.89,39.24,Debit Card,Delhi,2023-03-05,64,Other,High
O261760,1082,2024-02-05,P292,Product-P292,Beauty,96.64,11.15,85.49,Net Banking,Hyderabad,2023-12-26,33,Female,High
O250990,1182,2024-03-14,P993,Product-P993,Grocery,63.98,2.58,61.4,Credit Card,Mumbai,2023-06-15,30,Female,Low
O243885,1299,2024-05-04,P773,Product-P773,Home,43.93,12.85,31.08,Debit Card,Mumbai,2023-01-31,53,Male,High
O753523,1077,2024-04-16,P980,Product-P980,Home,16.46,4.41,12.05,Cash,Hyderabad,2023-07-09,25,Female,High
O472566,1002,2024-02-16,P565,Product-P565,Beauty,80.9,10.29,70.61,UPI,Hyderabad,2023-02-27,46,Female,Medium
O987938,1259,2024-02-27,P290,Product-P290,Home,17.71,3.21,14.5,Cash,Hyderabad,2023-07-01,47,Male,High
O484795,1165,2024-03-01,P829,Product-P829,Beauty,10.2,0.82,9.38,Cash,Chennai,2023-09-14,19,Male,Low
O708455,1045,2024-01-09,P138,Product-P138,Beauty,97.75,14.17,83.58,Net Banking,Mumbai,2023-07-03,42,Male,Low
O587521,1092,2024-05-03,P807,Product-P807,Electronics,146.94,6.26,140.68,Cash,Bangalore,2023-08-25,32,Female,High
O595401,1054,2024-05-12,P180,Product-P180,Beauty,542.98,144.96,398.02,Credit Card,Delhi,2023-02-10,61,Other,High
O155337,1008,2024-01-20,P800,Product-P800,Beauty,72.91,17.46,55.45,Net Banking,Chennai,2023-02-22,36,Other,Low
O701846,1231,2024-03-28,P647,Product-P647,Electronics,209.67,29.49,180.18,Cash,Hyderabad,2023-02-06,33,Male,Medium
O275645,1152,2024-03-25,P531,Product-P531,Clothing,66.42,19.14,47.28,Net Banking,Bangalore,2023-02-28,54,Other,Medium
O164401,1008,2024-01-10,P811,Product-P811,Beauty,144.33,32.45,111.88,Cash,Bangalore,2023-02-22,36,Other,Low
O128624,1275,2024-05-01,P692,Product-P692,Grocery,71.45,12.28,59.17,Net Banking,Chennai,2023-10-02,33,Male,Low
O364294,1043,2024-03-14,P596,Product-P596,Electronics,143.01,5.44,137.57,Credit Card,Bangalore,2023-07-14,35,Male,High
O877444,1039,2024-02-03,P730,Product-P730,Clothing,20.02,1.65,18.37,Net Banking,Mumbai,2023-04-21,24,Other,Low
O487728,1157,2024-01-29,P718,Product-P718,Grocery,140.09,38.25,101.84,Debit Card,Hyderabad,2023-06-24,60,Male,Medium
O459502,1117,2024-02-14,P367,Product-P367,Grocery,421.97,61.39,360.58,Cash,Mumbai,2023-03-15,29,Other,Medium
O889327,1236,2024-01-22,P248,Product-P248,Beauty,533.24,149.4,383.84,Debit Card,Hyderabad,2023-02-04,46,Female,Medium
O321099,1101,2024-04-15,P888,Product-P888,Home,58.26,4.16,54.1,UPI,Delhi,2023-01-29,25,Female,High
O275741,1243,2024-03-29,P155,Product-P155,Clothing,847.34,192.05,655.29,Credit Card,Mumbai,2023-12-09,36,Male,Low
O498249,1038,2024-04-28,P508,Product-P508,Home,92.58,8.37,84.21,Cash,Delhi,2023-03-21,54,Female,Low
O402820,1262,2024-04-09,P585,Product-P585,Clothing,276.57,12.04,264.53,UPI,Mumbai,2023-08-28,24,Female,Medium
O657101,1230,2024-04-24,P491,Product-P491,Clothing,201.82,58.23,143.59,Credit Card,Mumbai,2023-01-04,28,Other,Medium
O383457,1134,2024-03-31,P964,Product-P964,Home,0.66,0.12,0.54,Net Banking,Bangalore,2023-01-25,20,Male,Medium
O583507,1252,2024-03-09,P921,Product-P921,Electronics,230.23,17.64,212.59,Cash,Hyderabad,2023-08-31,57,Female,Medium
O810638,1166,2024-03-02,P851,Product-P851,Beauty,345.04,79.76,265.28,Cash,Bangalore,2023-04-02,59,Other,Low
O112542,1252,2024-02-16,P420,Product-P420,Beauty,68.04,0.22,67.82,Credit Card,Mumbai,2023-08-31,57,Female,Medium
O330074,1084,2024-04-15,P200,Product-P200,Beauty,106.77,3.33,103.44,UPI,Bangalore,2023-11-28,35,Female,Low
O159645,1116,2024-03-13,P357,Product-P357,Grocery,5.07,0.05,5.02,Cash,Mumbai,2023-08-23,25,Female,Low
O998043,1248,2024-02-25,P713,Product-P713,Electronics,733.43,155.8,577.63,Credit Card,Mumbai,2023-10-20,50,Male,Low
O829445,1196,2024-02-03,P484,Product-P484,Beauty,507.19,122.21,384.98,Debit Card,Mumbai,2023-09-30,49,Other,Low
O389809,1079,2024-02-17,P359,Product-P359,Clothing,212.68,29.79,182.89,Credit Card,Hyderabad,2023-04-18,40,Male,Medium
O914854,1045,2024-04-19,P808,Product-P808,Clothing,302.42,23.35,279.07,Credit Card,Bangalore,2023-07-03,42,Male,Low
O952283,1048,2024-01-16,P491,Product-P491,Home,256.91,25.64,231.27,Credit Card,Bangalore,2023-05-16,43,Male,High
O511707,1264,2024-03-08,P282,Product-P282,Home,123.72,2.58,121.14,Debit Card,Chennai,2023-12-11,43,Male,Medium
O328994,1151,2024-02-15,P760,Product-P760,Home,368.66,11.99,356.67,Cash,Hyderabad,2023-12-15,47,Male,Medium
O699098,1203,2024-01-28,P552,Product-P552,Clothing,71.37,2.21,69.16,Credit Card,Mumbai,2023-05-16,20,Male,Medium
O784578,1285,2024-03-05,P895,Product-P895,Home,317.91,1.79,316.12,UPI,Delhi,2023-10-09,57,Other,Medium
O702553,1196,2024-01-01,P138,Product-P138,Home,21.36,1.71,19.65,Net Banking,Hyderabad,2023-09-30,49,Other,Low
O666366,1052,2024-01-01,P627,Product-P627,Home,533.13,76.47,456.66,UPI,Mumbai,2023-03-05,64,Other,High
O694798,1131,2024-02-27,P103,Product-P103,Home,133.87,38.32,95.55,UPI,Mumbai,2023-09-18,54,Female,Medium
O660596,1197,2024-04-01,P441,Product-P441,Clothing,181.35,21.8,159.55,Credit Card,Bangalore,2023-03-06,49,Female,High
O285197,1013,2024-03-28,P182,Product-P182,Home,921.6,210.25,711.35,Net Banking,Delhi,2023-08-05,53,Female,Low
O761249,1148,2024-01-11,P493,Product-P493,Grocery,288.36,25.85,262.51,UPI,Mumbai,2023-05-09,56,Male,Medium
O246740,1043,2024-04-01,P598,Product-P598,Electronics,52.74,14.01,38.73,UPI,Delhi,2023-07-14,35,Male,High
O612997,1068,2024-01-10,P297,Product-P297,Electronics,2.57,0.55,2.02,Cash,Delhi,2023-02-10,35,Other,High
O974774,1036,2024-04-09,P164,Product-P164,Beauty,460.98,88.98,372.0,UPI,Chennai,2023-06-24,61,Female,Medium
O525205,1188,2024-04-25,P116,Product-P116,Electronics,275.17,28.01,247.16,Net Banking,Mumbai,2023-05-03,44,Female,Medium
O877048,1202,2024-01-31,P316,Product-P316,Beauty,381.64,52.48,329.16,Cash,Delhi,2023-03-26,19,Male,Medium
O594109,1037,2024-02-29,P173,Product-P173,Electronics,168.91,37.27,131.64,UPI,Mumbai,2023-05-23,20,Male,Low
O960607,1300,2024-01-12,P348,Product-P348,Grocery,56.06,0.24,55.82,Credit Card,Bangalore,2023-03-26,50,Other,Low
O957525,1010,2024-01-25,P567,Product-P567,Beauty,368.87,18.89,349.98,Cash,Mumbai,2023-10-07,28,Female,Medium
O166175,1054,2024-01-28,P216,Product-P216,Home,459.37,81.99,377.38,Cash,Delhi,2023-02-10,61,Other,High
O226670,1256,2024-02-21,P536,Product-P536,Clothing,140.35,34.17,106.18,UPI,Bangalore,2023-02-19,42,Male,Medium
O451801,1063,2024-02-05,P429,Product-P429,Grocery,119.44,27.38,92.06,Cash,Delhi,2023-02-05,19,Female,Medium
O830119,1176,2024-01-17,P223,Product-P223,Clothing,1.06,0.04,1.02,UPI,Delhi,2023-07-11,45,Other,Low
O239849,1053,2024-04-04,P666,Product-P666,Grocery,188.79,24.84,163.95,Cash,Mumbai,2023-07-13,24,Male,Medium
O610622,1138,2024-01-26,P910,Product-P910,Beauty,346.33,39.08,307.25,Debit Card,Mumbai,2023-03-23,31,Other,Medium
O397514,1097,2024-01-21,P106,Product-P106,Electronics,266.44,14.34,252.1,Credit Card,Chennai,2023-10-13,26,Female,High
O770905,1027,2024-04-16,P810,Product-P810,Home,11.31,2.35,8.96,Debit Card,Delhi,2023-08-03,39,Male,Medium
O825272,1168,2024-03-10,P635,Product-P635,Home,195.39,24.15,171.24,Debit Card,Chennai,2023-02-24,23,Female,Low
O757658,1006,2024-01-10,P710,Product-P710,Grocery,172.48,37.11,135.37,Cash,Mumbai,2023-04-25,38,Male,High
O223215,1102,2024-03-18,P456,Product-P456,Home,792.23,1.09,791.14,Debit Card,Delhi,2023-04-28,41,Other,High
O329927,1130,2024-05-15,P197,Product-P197,Beauty,22.65,2.46,20.19,Cash,Chennai,2023-03-12,52,Female,High
O935309,1117,2024-04-28,P888,Product-P888,Grocery,205.53,17.04,188.49,Debit Card,Mumbai,2023-03-15,29,Other,Medium
O156652,1053,2024-02-08,P801,Product-P801,Home,640.37,95.58,544.79,Debit Card,Mumbai,2023-07-13,24,Male,Medium
O944264,1096,2024-04-03,P391,Product-P391,Grocery,196.2,25.58,170.62,Net Banking,Chennai,2023-12-19,24,Other,High
O265722,1021,2024-04-26,P144,Product-P144,Electronics,26.59,5.91,20.68,Cash,Delhi,2023-01-14,47,Other,Medium
O721497,1141,2024-01-08,P596,Product-P596,Beauty,245.33,8.54,236.79,Debit Card,Hyderabad,2023-11-02,26,Female,Low
O916814,1166,2024-03-24,P529,Product-P529,Grocery,154.39,34.6,119.79,Net Banking,Delhi,2023-04-02,59,Other,Low
O493774,1178,2024-01-29,P433,Product-P433,Grocery,178.44,5.25,173.19,UPI,Delhi,2023-10-04,56,Female,Low
O251981,1271,2024-02-26,P175,Product-P175,Home,36.71,6.44,30.27,Credit Card,Hyderabad,2023-02-25,26,Female,Medium
O579975,1293,2024-02-25,P724,Product-P724,Home,192.76,10.3,182.46,Net Banking,Delhi,2023-03-27,63,Other,Medium
O233391,1078,2024-02-19,P747,Product-P747,Clothing,128.93,37.73,91.2,Debit Card,Bangalore,2023-07-01,31,Other,High
O993021,1184,2024-01-09,P808,Product-P808,Beauty,374.11,6.69,367.42,Debit Card,Mumbai,2023-01-10,20,Male,Medium
O409499,1188,2024-04-29,P569,Product-P569,Home,211.75,10.88,200.87,Net Banking,Delhi,2023-05-03,44,Female,Medium
O996536,1290,2024-02-10,P908,Product-P908,Beauty,55.22,15.0,40.22,Cash,Chennai,2023-01-08,42,Other,Medium
O720317,1067,2024-02-28,P188,Product-P188,Home,25.79,6.63,19.16,UPI,Delhi,2023-05-29,46,Female,High
O359870,1088,2024-05-01,P957,Product-P957,Home,11.77,0.99,10.78,UPI,Delhi,2023-03-29,42,Other,Medium
O701568,1270,2024-03-24,P544,Product-P544,Beauty,520.16,34.71,485.45,Cash,Delhi,2023-06-23,49,Male,Medium
O135253,1026,2024-01-02,P527,Product-P527,Electronics,67.83,0.82,67.01,UPI,Chennai,2023-10-07,29,Other,Medium
O619344,1279,2024-04-18,P643,Product-P643,Home,15.56,2.24,13.32,Credit Card,Hyderabad,2023-04-04,50,Other,Medium
O239158,1005,2024-03-02,P185,Product-P185,Beauty,2.48,0.56,1.92,UPI,Delhi,2023-05-06,25,Other,Medium
O603088,1122,2024-04-01,P402,Product-P402,Grocery,73.73,14.33,59.4,Credit Card,Mumbai,2023-10-03,54,Other,Medium
O576935,1277,2024-03-19,P265,Product-P265,Home,224.51,57.78,166.73,Cash,Mumbai,2023-03-13,37,Male,Low
O928226,1142,2024-04-28,P890,Product-P890,Grocery,39.3,10.31,28.99,UPI,Delhi,2023-02-02,32,Male,Low
O503575,1152,2024-04-04,P741,Product-P741,Home,32.21,6.8,25.41,Credit Card,Mumbai,2023-02-28,54,Other,Medium
O668784,1180,2024-03-26,P643,Product-P643,Electronics,0.95,0.08,0.87,Net Banking,Chennai,2023-01-01,18,Female,Low
O639740,1261,2024-02-23,P906,Product-P906,Electronics,54.2,10.09,44.11,Net Banking,Mumbai,2023-07-30,52,Other,Low
O142859,1026,2024-04-03,P152,Product-P152,Electronics,469.31,53.92,415.39,UPI,Chennai,2023-10-07,29,Other,Medium
O843793,1036,2024-04-03,P475,Product-P475,Grocery,80.57,15.67,64.9,Credit Card,Chennai,2023-06-24,61,Female,Medium
O873199,1042,2024-02-22,P241,Product-P241,Clothing,41.32,2.96,38.36,Credit Card,Hyderabad,2023-02-17,56,Male,Medium
O813269,1293,2024-02-23,P871,Product-P871,Grocery,428.11,41.16,386.95,Net Banking,Chennai,2023-03-27,63,Other,Medium
O609845,1044,2024-04-18,P383,Product-P383,Electronics,255.77,4.86,250.91,Net Banking,Hyderabad,2023-02-19,21,Female,Medium
O406461,1038,2024-05-08,P639,Product-P639,Electronics,138.09,19.48,118.61,Cash,Chennai,2023-03-21,54,Female,Low
O580115,1171,2024-04-25,P735,Product-P735,Clothing,102.15,24.51,77.64,Credit Card,Delhi,2023-11-24,61,Female,Low
O214677,1075,2024-01-23,P182,Product-P182,Home,150.5,40.54,109.96,Net Banking,Mumbai,2023-07-06,48,Male,Medium
O314178,1257,2024-02-12,P382,Product-P382,Electronics,699.54,146.29,553.25,UPI,Delhi,2023-12-04,40,Other,High
O596925,1119,2024-05-13,P742,Product-P742,Electronics,112.9,9.93,102.97,Cash,Delhi,2023-03-13,50,Male,High
O298244,1120,2024-03-29,P530,Product-P530,Home,70.91,15.69,55.22,Credit Card,Bangalore,2023-05-07,40,Male,Medium
O531690,1221,2024-01-17,P122,Product-P122,Grocery,52.14,13.06,39.08,Cash,Bangalore,2023-04-26,21,Male,Low
O566885,1200,2024-03-28,P771,Product-P771,Clothing,251.58,36.69,214.89,Cash,Chennai,2023-09-01,29,Female,Low
O927607,1153,2024-04-27,P411,Product-P411,Beauty,79.58,3.15,76.43,Net Banking,Delhi,2023-12-16,40,Female,High
O255544,1180,2024-03-07,P332,Product-P332,Home,76.63,8.55,68.08,Net Banking,Mumbai,2023-01-01,18,Female,Low
O846389,1185,2024-03-31,P391,Product-P391,Home,612.77,175.78,436.99,Cash,Delhi,2023-02-27,56,Other,Low
O349461,1161,2024-03-14,P286,Product-P286,Grocery,145.66,36.68,108.98,Debit Card,Delhi,2023-03-22,49,Other,Medium
O487629,1214,2024-01-30,P142,Product-P142,Clothing,62.26,10.73,51.53,UPI,Bangalore,2023-11-29,36,Other,Medium
O255130,1163,2024-02-17,P310,Product-P310,Beauty,105.77,22.44,83.33,Net Banking,Bangalore,2023-01-02,39,Male,Medium
O227391,1271,2024-04-05,P559,Product-P559,Beauty,0.05,0.01,0.04,Cash,Bangalore,2023-02-25,26,Female,Medium
O263633,1148,2024-01-07,P514,Product-P514,Home,186.9,43.09,143.81,UPI,Bangalore,2023-05-09,56,Male,Medium
O596931,1129,2024-01-02,P856,Product-P856,Beauty,28.39,8.31,20.08,Net Banking,Bangalore,2023-04-23,18,Male,Medium
O455136,1090,2024-03-15,P872,Product-P872,Beauty,111.19,22.25,88.94,Cash,Hyderabad,2023-05-06,58,Male,Medium
O222553,1176,2024-01-29,P849,Product-P849,Home,430.46,116.25,314.21,Debit Card,Chennai,2023-07-11,45,Other,Low
O474754,1154,2024-03-19,P125,Product-P125,Home,201.63,37.35,164.28,Debit Card,Hyderabad,2023-10-02,56,Female,High
O652005,1091,2024-01-24,P434,Product-P434,Electronics,98.16,17.91,80.25,Debit Card,Chennai,2023-03-25,46,Male,High
O990714,1188,2024-02-26,P900,Product-P900,Clothing,258.26,15.16,243.1,Credit Card,Chennai,2023-05-03,44,Female,Medium
O614290,1110,2024-04-24,P793,Product-P793,Electronics,678.43,198.61,479.82,UPI,Delhi,2023-06-11,59,Female,High
O516869,1293,2024-03-22,P717,Product-P717,Beauty,24.2,3.71,20.49,Credit Card,Bangalore,2023-03-27,63,Other,Medium
O398477,1167,2024-02-07,P833,Product-P833,Home,42.47,4.71,37.76,Net Banking,Mumbai,2023-09-17,62,Other,Low
O326172,1138,2024-03-29,P459,Product-P459,Clothing,57.26,16.79,40.47,Cash,Mumbai,2023-03-23,31,Other,Medium
O944809,1084,2024-04-23,P859,Product-P859,Home,110.83,26.72,84.11,Net Banking,Delhi,2023-11-28,35,Female,Low
O190259,1047,2024-04-18,P846,Product-P846,Home,55.8,2.34,53.46,Cash,Chennai,2023-11-06,26,Other,Low
O169327,1263,2024-02-06,P312,Product-P312,Clothing,45.74,6.51,39.23,Cash,Bangalore,2023-01-28,33,Male,High
O283388,1238,2024-04-06,P190,Product-P190,Electronics,354.77,43.58,311.19,Net Banking,Hyderabad,2023-06-19,37,Female,Medium
O295041,1278,2024-04-28,P827,Product-P827,Beauty,46.56,10.55,36.01,Debit Card,Delhi,2023-08-05,41,Other,Medium
O418677,1148,2024-04-07,P396,Product-P396,Beauty,69.18,10.18,59.0,Net Banking,Chennai,2023-05-09,56,Male,Medium
O375436,1142,2024-05-06,P672,Product-P672,Home,31.26,2.11,29.15,Credit Card,Delhi,2023-02-02,32,Male,Low
O288085,1142,2024-03-17,P755,Product-P755,Home,14.63,0.55,14.08,Net Banking,Hyderabad,2023-02-02,32,Male,Low
O169966,1201,2024-05-05,P804,Product-P804,Grocery,362.61,3.09,359.52,Net Banking,Hyderabad,2023-10-09,56,Male,Medium
O827968,1076,2024-04-02,P695,Product-P695,Home,80.77,13.7,67.07,Net Banking,Hyderabad,2023-03-25,32,Other,Low
O270757,1260,2024-01-31,P482,Product-P482,Beauty,338.4,74.41,263.99,Credit Card,Bangalore,2023-08-05,59,Other,Low
O271241,1043,2024-01-15,P249,Product-P249,Clothing,5.76,0.8,4.96,Debit Card,Bangalore,2023-07-14,35,Male,High
O403936,1262,2024-01-14,P379,Product-P379,Clothing,103.66,13.05,90.61,Net Banking,Mumbai,2023-08-28,24,Female,Medium
O727847,1130,2024-03-15,P642,Product-P642,Electronics,593.44,91.48,501.96,Debit Card,Mumbai,2023-03-12,52,Female,High
O818739,1248,2024-02-12,P656,Product-P656,Clothing,56.22,14.71,41.51,Net Banking,Bangalore,2023-10-20,50,Male,Low
O243601,1096,2024-04-02,P198,Product-P198,Beauty,129.56,22.55,107.01,Debit Card,Mumbai,2023-12-19,24,Other,High
O270948,1251,2024-05-12,P388,Product-P388,Clothing,289.53,67.65,221.88,UPI,Bangalore,2023-05-05,35,Male,Low
O743226,1239,2024-01-27,P323,Product-P323,Grocery,11.1,1.68,9.42,Debit Card,Chennai,2023-02-06,53,Other,Medium
O582860,1165,2024-05-14,P966,Product-P966,Beauty,78.84,16.85,61.99,Credit Card,Hyderabad,2023-09-14,19,Male,Low
O426708,1018,2024-01-20,P219,Product-P219,Grocery,27.02,7.49,19.53,UPI,Bangalore,2023-04-30,19,Other,Low
O900681,1249,2024-04-02,P242,Product-P242,Home,34.5,9.21,25.29,Cash,Chennai,2023-10-23,57,Male,Low
O234966,1077,2024-03-28,P276,Product-P276,Clothing,4.4,0.04,4.36,Credit Card,Delhi,2023-07-09,25,Female,High
O182423,1052,2024-02-06,P804,Product-P804,Grocery,739.68,68.22,671.46,Debit Card,Delhi,2023-03-05,64,Other,High
O144582,1177,2024-04-18,P807,Product-P807,Electronics,79.64,1.86,77.78,UPI,Hyderabad,2023-03-24,42,Male,Low
O162144,1020,2024-02-20,P210,Product-P210,Electronics,95.85,22.8,73.05,Cash,Chennai,2023-11-05,61,Other,High
O891203,1099,2024-04-30,P221,Product-P221,Clothing,58.54,0.76,57.78,Net Banking,Mumbai,2023-12-17,18,Other,Medium
O309740,1155,2024-01-25,P901,Product-P901,Electronics,352.09,97.19,254.9,Debit Card,Chennai,2023-05-17,62,Female,Low
O707913,1280,2024-02-17,P786,Product-P786,Clothing,326.8,2.87,323.93,Debit Card,Bangalore,2023-05-23,41,Male,Low
O629435,1127,2024-03-30,P460,Product-P460,Grocery,168.32,43.18,125.14,Cash,Delhi,2023-07-24,44,Other,Medium
O850582,1154,2024-01-18,P201,Product-P201,Beauty,161.48,36.97,124.51,Cash,Delhi,2023-10-02,56,Female,High
O860583,1138,2024-02-19,P388,Product-P388,Grocery,48.86,13.22,35.64,Cash,Mumbai,2023-03-23,31,Other,Medium
O832045,1243,2024-01-26,P319,Product-P319,Beauty,354.93,90.65,264.28,UPI,Bangalore,2023-12-09,36,Male,Low
O544692,1101,2024-02-17,P550,Product-P550,Electronics,275.47,14.95,260.52,Net Banking,Hyderabad,2023-01-29,25,Female,High
O588533,1126,2024-02-24,P626,Product-P626,Grocery,4.81,0.59,4.22,Net Banking,Mumbai,2023-10-26,39,Other,Medium
O684195,1201,2024-01-29,P632,Product-P632,Grocery,658.8,97.99,560.81,Net Banking,Bangalore,2023-10-09,56,Male,Medium
O579142,1058,2024-01-11,P184,Product-P184,Clothing,293.62,43.49,250.13,UPI,Bangalore,2023-11-13,31,Other,Medium
O996915,1123,2024-03-20,P803,Product-P803,Home,23.97,1.62,22.35,UPI,Bangalore,2023-05-15,52,Female,Medium
O288006,1233,2024-04-19,P293,Product-P293,Electronics,219.55,58.93,160.62,UPI,Bangalore,2023-11-20,26,Male,Medium
O648051,1108,2024-01-04,P790,Product-P790,Home,8.16,1.65,6.51,UPI,Hyderabad,2023-04-19,50,Female,High
O877447,1159,2024-01-22,P222,Product-P222,Grocery,160.3,18.99,141.31,Cash,Mumbai,2023-05-31,53,Male,Medium
O723861,1114,2024-02-13,P166,Product-P166,Clothing,141.78,41.48,100.3,Net Banking,Delhi,2023-07-22,24,Female,High
O901968,1050,2024-04-13,P225,Product-P225,Grocery,173.1,43.52,129.58,UPI,Bangalore,2023-08-24,37,Male,High
O608069,1005,2024-03-10,P874,Product-P874,Home,161.85,17.29,144.56,Cash,Hyderabad,2023-05-06,25,Other,Medium
O362867,1250,2024-05-10,P385,Product-P385,Grocery,380.59,87.69,292.9,Credit Card,Mumbai,2023-08-31,56,Male,High
O204441,1260,2024-05-05,P609,Product-P609,Grocery,48.49,9.14,39.35,Debit Card,Mumbai,2023-08-05,59,Other,Low
O501219,1053,2024-01-14,P950,Product-P950,Electronics,132.21,19.76,112.45,Credit Card,Delhi,2023-07-13,24,Male,Medium
O793193,1202,2024-03-24,P256,Product-P256,Clothing,168.73,31.48,137.25,Credit Card,Mumbai,2023-03-26,19,Male,Medium
O794255,1095,2024-05-13,P885,Product-P885,Home,74.38,17.69,56.69,Debit Card,Bangalore,2023-11-24,42,Other,Medium
O673172,1233,2024-05-07,P602,Product-P602,Beauty,105.72,8.3,97.42,Net Banking,Chennai,2023-11-20,26,Male,Medium
O571980,1191,2024-01-05,P882,Product-P882,Electronics,812.84,241.59,571.25,Credit Card,Hyderabad,2023-10-18,50,Female,Medium
O285460,1199,2024-03-21,P973,Product-P973,Home,326.05,43.29,282.76,Credit Card,Mumbai,2023-12-04,58,Other,Low
O850490,1229,2024-03-18,P823,Product-P823,Grocery,82.9,12.22,70.68,Debit Card,Bangalore,2023-04-23,39,Other,Low
O818666,1116,2024-04-09,P599,Product-P599,Electronics,17.43,2.97,14.46,UPI,Chennai,2023-08-23,25,Female,Low
O510396,1287,2024-04-30,P587,Product-P587,Beauty,133.89,34.32,99.57,Cash,Mumbai,2023-01-26,52,Other,Low
O903702,1283,2024-03-08,P606,Product-P606,Beauty,64.27,18.72,45.55,Cash,Bangalore,2023-02-08,53,Other,Low
O977589,1281,2024-03-13,P428,Product-P428,Electronics,11.9,0.1,11.8,Credit Card,Delhi,2023-08-25,28,Male,Medium
O202078,1167,2024-04-03,P457,Product-P457,Beauty,200.47,1.62,198.85,Net Banking,Hyderabad,2023-09-17,62,Other,Low
O359642,1156,2024-04-19,P453,Product-P453,Clothing,31.12,3.85,27.27,Credit Card,Delhi,2023-11-25,32,Male,High
O220031,1141,2024-03-01,P763,Product-P763,Clothing,106.7,18.97,87.73,Credit Card,Bangalore,2023-11-02,26,Female,Low
O789719,1103,2024-03-27,P273,Product-P273,Electronics,128.58,20.77,107.81,Credit Card,Hyderabad,2023-01-17,28,Male,High
O829765,1190,2024-04-18,P681,Product-P681,Beauty,6.76,1.83,4.93,Net Banking,Mumbai,2023-05-04,54,Other,Medium
O509260,1269,2024-04-30,P702,Product-P702,Electronics,254.89,75.38,179.51,UPI,Chennai,2023-07-26,54,Other,Medium
O452287,1265,2024-03-23,P686,Product-P686,Electronics,142.26,34.5,107.76,Credit Card,Delhi,2023-12-01,19,Other,Medium
O557169,1131,2024-05-07,P614,Product-P614,Clothing,126.17,6.31,119.86,Net Banking,Bangalore,2023-09-18,54,Female,Medium
O401314,1227,2024-02-21,P608,Product-P608,Electronics,23.7,5.98,17.72,Cash,Delhi,2023-04-28,51,Other,Medium
O754911,1206,2024-03-08,P148,Product-P148,Clothing,94.45,28.23,66.22,UPI,Delhi,2023-08-05,19,Male,Medium
O170537,1175,2024-01-24,P834,Product-P834,Beauty,838.79,23.84,814.95,Net Banking,Bangalore,2023-03-20,28,Male,Medium
O629152,1100,2024-05-15,P586,Product-P586,Home,123.15,7.75,115.4,Credit Card,Bangalore,2023-06-16,61,Other,Medium
O363470,1011,2024-03-17,P543,Product-P543,Beauty,2.68,0.25,2.43,UPI,Hyderabad,2023-02-14,28,Other,Medium
O295600,1217,2024-05-11,P564,Product-P564,Beauty,312.35,16.92,295.43,Credit Card,Chennai,2023-09-22,43,Male,Low
O994199,1072,2024-05-07,P318,Product-P318,Home,539.67,43.38,496.29,Cash,Chennai,2023-05-23,27,Female,Low
O254920,1229,2024-04-21,P679,Product-P679,Electronics,539.9,84.59,455.31,Net Banking,Hyderabad,2023-04-23,39,Other,Low
O970542,1098,2024-03-02,P254,Product-P254,Clothing,721.96,182.83,539.13,UPI,Bangalore,2023-04-23,41,Female,Low
O777424,1202,2024-01-17,P749,Product-P749,Grocery,112.27,28.49,83.78,Net Banking,Bangalore,2023-03-26,19,Male,Medium
O257246,1207,2024-02-11,P362,Product-P362,Beauty,211.61,14.99,196.62,Debit Card,Mumbai,2023-04-19,19,Other,Low
O608960,1095,2024-02-19,P128,Product-P128,Grocery,522.88,125.03,397.85,Net Banking,Hyderabad,2023-11-24,42,Other,Medium
O130557,1099,2024-04-21,P532,Product-P532,Electronics,83.69,5.07,78.62,Net Banking,Delhi,2023-12-17,18,Other,Medium
O857568,1153,2024-03-07,P908,Product-P908,Clothing,3.55,0.7,2.85,Debit Card,Mumbai,2023-12-16,40,Female,High
O730823,1252,2024-05-04,P901,Product-P901,Electronics,5.65,0.09,5.56,Credit Card,Bangalore,2023-08-31,57,Female,Medium
O804299,1143,2024-03-17,P987,Product-P987,Electronics,418.63,113.1,305.53,UPI,Bangalore,2023-07-17,32,Female,Medium
O226502,1221,2024-01-24,P506,Product-P506,Grocery,128.0,9.06,118.94,Cash,Chennai,2023-04-26,21,Male,Low
O620566,1296,2024-05-13,P780,Product-P780,Beauty,185.81,52.94,132.87,Cash,Bangalore,2023-09-04,52,Male,High
O972765,1251,2024-01-24,P343,Product-P343,Beauty,37.66,1.38,36.28,Net Banking,Bangalore,2023-05-05,35,Male,Low
O212002,1023,2024-04-09,P925,Product-P925,Grocery,558.61,156.77,401.84,Debit Card,Delhi,2023-04-12,19,Male,High
O158642,1109,2024-02-14,P319,Product-P319,Clothing,2.56,0.34,2.22,Net Banking,Chennai,2023-10-18,22,Female,High
O672255,1175,2024-05-05,P646,Product-P646,Clothing,348.77,73.2,275.57,Credit Card,Bangalore,2023-03-20,28,Male,Medium
O598306,1120,2024-04-18,P586,Product-P586,Grocery,514.93,148.81,366.12,Debit Card,Bangalore,2023-05-07,40,Male,Medium
O982348,1222,2024-04-04,P941,Product-P941,Clothing,861.71,5.45,856.26,Cash,Mumbai,2023-02-02,28,Male,Medium
O769986,1292,2024-01-14,P807,Product-P807,Grocery,13.66,1.04,12.62,UPI,Bangalore,2023-05-02,35,Male,Medium
O507341,1159,2024-04-02,P931,Product-P931,Electronics,68.8,11.04,57.76,Debit Card,Hyderabad,2023-05-31,53,Male,Medium
O320606,1282,2024-01-03,P502,Product-P502,Clothing,139.44,12.59,126.85,Debit Card,Bangalore,2023-05-08,25,Male,Low
O387348,1233,2024-02-11,P549,Product-P549,Clothing,122.37,32.29,90.08,UPI,Mumbai,2023-11-20,26,Male,Medium
O852233,1039,2024-01-21,P942,Product-P942,Home,116.41,16.45,99.96,UPI,Bangalore,2023-04-21,24,Other,Low
O169591,1211,2024-04-18,P997,Product-P997,Electronics,38.08,9.42,28.66,Net Banking,Chennai,2023-06-09,49,Male,Medium
O575279,1117,2024-03-31,P530,Product-P530,Beauty,486.11,106.35,379.76,Cash,Bangalore,2023-03-15,29,Other,Medium
O929443,1151,2024-01-08,P880,Product-P880,Electronics,62.82,12.09,50.73,Debit Card,Hyderabad,2023-12-15,47,Male,Medium
O703779,1138,2024-02-04,P103,Product-P103,Home,310.96,18.66,292.3,Net Banking,Bangalore,2023-03-23,31,Other,Medium
O819064,1280,2024-01-22,P213,Product-P213,Grocery,195.55,14.64,180.91,Debit Card,Chennai,2023-05-23,41,Male,Low
O281905,1088,2024-04-15,P911,Product-P911,Clothing,58.64,7.94,50.7,Debit Card,Bangalore,2023-03-29,42,Other,Medium
O290724,1288,2024-03-24,P918,Product-P918,Clothing,4.19,0.25,3.94,UPI,Bangalore,2023-11-30,42,Other,Medium
O121741,1300,2024-04-10,P997,Product-P997,Home,36.18,10.25,25.93,Cash,Delhi,2023-03-26,50,Other,Low
O307897,1039,2024-01-06,P671,Product-P671,Beauty,18.43,3.46,14.97,Credit Card,Hyderabad,2023-04-21,24,Other,Low
O729557,1072,2024-03-08,P818,Product-P818,Grocery,66.65,1.0,65.65,Cash,Hyderabad,2023-05-23,27,Female,Low
O223050,1032,2024-03-07,P252,Product-P252,Electronics,52.59,15.11,37.48,Debit Card,Chennai,2023-01-04,45,Male,High
O224269,1109,2024-01-04,P835,Product-P835,Beauty,30.54,3.99,26.55,UPI,Hyderabad,2023-10-18,22,Female,High
O882702,1078,2024-02-27,P830,Product-P830,Grocery,23.43,1.34,22.09,Net Banking,Bangalore,2023-07-01,31,Other,High
O326037,1161,2024-05-06,P491,Product-P491,Grocery,182.04,23.55,158.49,Debit Card,Chennai,2023-03-22,49,Other,Medium
O130170,1128,2024-03-13,P844,Product-P844,Grocery,308.73,38.75,269.98,UPI,Delhi,2023-07-05,52,Other,Medium
O711218,1165,2024-03-15,P368,Product-P368,Grocery,47.59,8.82,38.77,Debit Card,Bangalore,2023-09-14,19,Male,Low
O820216,1281,2024-04-27,P187,Product-P187,Electronics,10.37,1.46,8.91,Net Banking,Hyderabad,2023-08-25,28,Male,Medium
O176604,1016,2024-02-24,P830,Product-P830,Home,358.83,76.26,282.57,Cash,Bangalore,2023-02-17,20,Female,High
O471512,1255,2024-01-25,P670,Product-P670,Electronics,1010.57,15.8,994.77,Debit Card,Hyderabad,2023-02-18,45,Other,Low
O513869,1028,2024-01-12,P105,Product-P105,Clothing,174.29,26.38,147.91,UPI,Bangalore,2023-04-23,61,Male,Low
O278117,1042,2024-04-04,P235,Product-P235,Beauty,609.02,7.51,601.51,Debit Card,Bangalore,2023-02-17,56,Male,Medium
O432731,1201,2024-05-08,P604,Product-P604,Clothing,203.54,53.61,149.93,Debit Card,Mumbai,2023-10-09,56,Male,Medium
O234082,1164,2024-05-15,P543,Product-P543,Grocery,243.92,19.06,224.86,Net Banking,Mumbai,2023-05-15,45,Female,Low
O376002,1062,2024-05-07,P992,Product-P992,Clothing,130.0,29.17,100.83,UPI,Bangalore,2023-12-27,21,Female,Medium
O872663,1040,2024-03-08,P629,Product-P629,Clothing,330.15,43.16,286.99,Debit Card,Bangalore,2023-06-22,38,Male,Medium
O298096,1040,2024-05-05,P882,Product-P882,Grocery,77.08,12.85,64.23,UPI,Mumbai,2023-06-22,38,Male,Medium
O271499,1230,2024-02-08,P155,Product-P155,Grocery,32.27,1.77,30.5,UPI,Bangalore,2023-01-04,28,Other,Medium
O562966,1165,2024-04-29,P546,Product-P546,Electronics,233.83,69.81,164.02,UPI,Mumbai,2023-09-14,19,Male,Low
O986925,1187,2024-04-01,P826,Product-P826,Beauty,258.5,37.63,220.87,UPI,Mumbai,2023-06-07,25,Female,Medium
O975512,1267,2024-02-07,P226,Product-P226,Clothing,220.13,6.18,213.95,Net Banking,Delhi,2023-02-20,29,Other,Medium
O322713,1126,2024-02-13,P867,Product-P867,Beauty,137.16,33.85,103.31,Cash,Chennai,2023-10-26,39,Other,Medium
O905572,1074,2024-01-02,P638,Product-P638,Beauty,107.05,5.8,101.25,Credit Card,Delhi,2023-11-22,31,Male,Medium
O814407,1158,2024-05-07,P793,Product-P793,Electronics,117.3,31.23,86.07,Credit Card,Bangalore,2023-02-27,46,Male,Low
O261245,1029,2024-02-01,P503,Product-P503,Clothing,181.34,32.12,149.22,Credit Card,Bangalore,2023-08-18,42,Male,Medium
O758879,1206,2024-01-08,P183,Product-P183,Home,33.43,8.33,25.1,UPI,Hyderabad,2023-08-05,19,Male,Medium
O575111,1289,2024-03-09,P708,Product-P708,Electronics,65.24,6.45,58.79,Credit Card,Chennai,2023-10-04,52,Female,Medium
O438869,1136,2024-03-24,P849,Product-P849,Beauty,199.83,7.75,192.08,Credit Card,Bangalore,2023-03-20,22,Other,Low
O197046,1150,2024-01-15,P861,Product-P861,Electronics,303.57,49.83,253.74,Cash,Hyderabad,2023-01-06,21,Female,Medium
O121508,1292,2024-04-12,P361,Product-P361,Grocery,13.51,0.97,12.54,UPI,Mumbai,2023-05-02,35,Male,Medium
O226460,1068,2024-02-23,P266,Product-P266,Home,120.32,28.14,92.18,Net Banking,Delhi,2023-02-10,35,Other,High
O237664,1152,2024-03-17,P602,Product-P602,Home,27.14,5.99,21.15,Net Banking,Chennai,2023-02-28,54,Other,Medium
O613406,1184,2024-04-01,P781,Product-P781,Electronics,121.62,30.36,91.26,Cash,Delhi,2023-01-10,20,Male,Medium
O194604,1057,2024-04-24,P497,Product-P497,Home,271.51,21.87,249.64,Cash,Hyderabad,2023-11-18,52,Female,High
O197462,1138,2024-04-18,P930,Product-P930,Clothing,65.67,12.09,53.58,UPI,Hyderabad,2023-03-23,31,Other,Medium
O619383,1258,2024-01-11,P625,Product-P625,Clothing,203.99,59.56,144.43,Debit Card,Delhi,2023-08-09,48,Female,High
O183029,1295,2024-05-14,P744,Product-P744,Beauty,102.97,2.59,100.38,UPI,Hyderabad,2023-09-06,19,Other,High
O648501,1254,2024-05-02,P407,Product-P407,Grocery,112.6,33.25,79.35,Net Banking,Delhi,2023-04-08,28,Male,High
O638354,1135,2024-04-19,P402,Product-P402,Beauty,697.67,9.99,687.68,Credit Card,Mumbai,2023-02-26,18,Other,Low
O952308,1045,2024-01-28,P622,Product-P622,Home,475.47,58.91,416.56,UPI,Chennai,2023-07-03,42,Male,Low
O219470,1152,2024-03-05,P463,Product-P463,Clothing,478.74,84.1,394.64,Cash,Mumbai,2023-02-28,54,Other,Medium
O536471,1283,2024-04-28,P283,Product-P283,Grocery,153.65,38.85,114.8,Credit Card,Mumbai,2023-02-08,53,Other,Low
O947075,1098,2024-03-17,P421,Product-P421,Beauty,70.48,15.31,55.17,UPI,Chennai,2023-04-23,41,Female,Low
O371914,1243,2024-03-08,P449,Product-P449,Grocery,338.22,21.42,316.8,Credit Card,Chennai,2023-12-09,36,Male,Low
O113950,1109,2024-01-28,P544,Product-P544,Beauty,535.3,2.88,532.42,UPI,Mumbai,2023-10-18,22,Female,High
O861173,1065,2024-02-13,P771,Product-P771,Home,56.14,7.75,48.39,UPI,Chennai,2023-12-05,59,Female,Low
O824211,1232,2024-05-04,P410,Product-P410,Beauty,164.98,40.25,124.73,Cash,Bangalore,2023-12-29,50,Female,Medium
O300070,1238,2024-04-11,P923,Product-P923,Clothing,7.93,0.21,7.72,Debit Card,Mumbai,2023-06-19,37,Female,Medium
O319393,1208,2024-01-29,P935,Product-P935,Electronics,162.21,33.87,128.34,Debit Card,Mumbai,2023-10-04,45,Female,Low
O300188,1021,2024-05-03,P764,Product-P764,Grocery,610.06,118.91,491.15,UPI,Chennai,2023-01-14,47,Other,Medium
O222115,1217,2024-01-23,P408,Product-P408,Home,84.03,3.74,80.29,UPI,Mumbai,2023-09-22,43,Male,Low
O571351,1107,2024-02-12,P256,Product-P256,Home,497.05,143.73,353.32,UPI,Mumbai,2023-02-03,52,Male,Low
O450067,1027,2024-03-03,P306,Product-P306,Clothing,73.31,12.52,60.79,UPI,Mumbai,2023-08-03,39,Male,Medium
O724783,1236,2024-01-03,P205,Product-P205,Home,53.73,15.79,37.94,UPI,Chennai,2023-02-04,46,Female,Medium
O859813,1220,2024-03-15,P137,Product-P137,Home,223.02,26.74,196.28,Cash,Chennai,2023-05-07,49,Other,Medium
O431192,1236,2024-05-04,P337,Product-P337,Electronics,211.9,33.58,178.32,UPI,Chennai,2023-02-04,46,Female,Medium
O752944,1110,2024-01-17,P374,Product-P374,Home,57.88,15.44,42.44,Credit Card,Hyderabad,2023-06-11,59,Female,High
O592034,1255,2024-03-29,P559,Product-P559,Home,244.53,1.53,243.0,Net Banking,Delhi,2023-02-18,45,Other,Low
O731347,1130,2024-03-29,P548,Product-P548,Grocery,16.61,2.53,14.08,Cash,Bangalore,2023-03-12,52,Female,High
O973548,1035,2024-04-29,P234,Product-P234,Clothing,255.96,55.52,200.44,UPI,Hyderabad,2023-08-05,64,Male,Low
O317273,1099,2024-04-02,P915,Product-P915,Home,41.15,9.87,31.28,Debit Card,Chennai,2023-12-17,18,Other,Medium
O309174,1170,2024-03-13,P807,Product-P807,Electronics,92.23,18.46,73.77,Debit Card,Delhi,2023-06-02,45,Male,Medium
O418402,1103,2024-02-10,P720,Product-P720,Home,31.65,0.96,30.69,UPI,Hyderabad,2023-01-17,28,Male,High
O373477,1075,2024-03-01,P314,Product-P314,Beauty,452.12,6.38,445.74,Credit Card,Bangalore,2023-07-06,48,Male,Medium
O946007,1049,2024-04-01,P793,Product-P793,Grocery,81.17,4.25,76.92,Cash,Mumbai,2023-01-23,19,Other,Low
O689280,1094,2024-01-17,P445,Product-P445,Home,470.59,16.09,454.5,Debit Card,Mumbai,2023-05-19,18,Other,Low
